event_date,new,retained,total,app::multi-filter
2017-01-30,1425,4476,5901,BadPiggiesFull
2017-01-30,4580,11223,15803,AngryBirdsRioFull
2017-01-30,144,912,1056,Purple
2017-01-30,867,551,1418,toonstvkidoz_c161558
2017-01-30,2125,4607,6732,AngryBirdsStarWarsFull
2017-01-30,33,223,256,toonstvappletv_7c3cb333
2017-01-30,88,103,191,abactionchina_49cba9cb
2017-01-30,3111,142,3253,rovio_3bb4586d
2017-01-30,4635,321,4956,ChannelWeb
2017-01-30,308,2645,2953,ChannelRoku
2017-01-30,1471,3211,4682,Yellow
2017-01-30,4120,6004,10124,Abba
2017-01-30,,1,1,abbafortumo_6df226f7
2017-01-30,537,1543,2080,toonstvmade4samsung_6d2a0fc4
2017-01-30,246,459,705,PurpleChina
2017-01-30,910,2300,3210,Gold
2017-01-30,101,641,742,purpleamazonfire_74641a18
2017-01-30,19,32,51,tntgame_149fb4d3
2017-01-30,172,383,555,popcorn_7901fbf5
2017-01-30,221,573,794,Birdkeeper
2017-01-30,1114,3496,4610,AngryBirdsFriends
2017-01-30,4187,12077,16264,AngryBirdsClassic
2017-01-30,4714,7512,12226,AngryBirdsSpaceFull
2017-01-30,2045,11076,13121,ChannelSmartTv
2017-01-30,641,5365,6006,AngryBirdsClassicLight
2017-01-30,67,498,565,AngryBirdsSpaceLight
2017-01-30,609,1167,1776,AngryBirdsClassicTalkweb
2017-01-30,8,76,84,ChannelAngryBirdsRoost
2017-01-30,197,1020,1217,AngryBirdsStarWarsLight
2017-01-30,4683,23988,28671,Toonstv
2017-01-30,225,182,407,angrybirdsfortumo_7bf816e1
2017-01-30,1085,2339,3424,AngryBirdsSeasonsFull
2017-01-30,964,448,1412,abactionchinaandroid_1d7ba513
2017-01-30,83,642,725,BadPiggiesLight
2017-01-30,1,3,4,abbakunluniosgpchina_1fffd0c2
2017-01-30,2046,6727,8773,Crimson
2017-01-30,1053,3707,4760,BlueSteel
2017-01-30,90,768,858,badpiggiesodyssey_38481962
2017-02-19,4776,14012,18788,AngryBirdsClassic
2017-02-19,783,2822,3605,AngryBirdsSeasonsFull
2017-02-19,81,608,689,AngryBirdsSpaceLight
2017-02-19,183,1114,1297,Purple
2017-02-19,1527,5291,6818,BadPiggiesFull
2017-02-19,937,6925,7862,AngryBirdsClassicLight
2017-02-19,163,459,622,popcorn_7901fbf5
2017-02-19,4797,310,5107,ChannelWeb
2017-02-19,604,1953,2557,toonstvmade4samsung_6d2a0fc4
2017-02-19,1,1,2,abbakunluniosgpchina_1fffd0c2
2017-02-19,4038,988,5026,rovio_3bb4586d
2017-02-19,2349,5833,8182,AngryBirdsStarWarsFull
2017-02-19,2,1,3,abbafortumo_6df226f7
2017-02-19,324,277,601,abactionchinaandroid_1d7ba513
2017-02-19,4019,13274,17293,AngryBirdsRioFull
2017-02-19,406,1212,1618,AngryBirdsClassicTalkweb
2017-02-19,2024,4723,6747,Yellow
2017-02-19,2581,13011,15592,ChannelSmartTv
2017-02-19,24,31,55,tntgame_149fb4d3
2017-02-19,1573,5292,6865,BlueSteel
2017-02-19,1460,4349,5809,AngryBirdsFriends
2017-02-19,98,885,983,BadPiggiesLight
2017-02-19,567,241,808,toonstvkidoz_c161558
2017-02-19,4075,8051,12126,AngryBirdsSpaceFull
2017-02-19,6522,30261,36783,Toonstv
2017-02-19,258,978,1236,Birdkeeper
2017-02-19,5904,8770,14674,Abba
2017-02-19,1803,7851,9654,Crimson
2017-02-19,1151,2706,3857,Gold
2017-02-19,270,1275,1545,AngryBirdsStarWarsLight
2017-02-19,38,60,98,abactionchina_49cba9cb
2017-02-19,135,326,461,PurpleChina
2017-02-19,194,228,422,angrybirdsfortumo_7bf816e1
2017-02-19,63,278,341,toonstvappletv_7c3cb333
2017-02-19,436,3446,3882,ChannelRoku
2017-02-19,108,918,1026,badpiggiesodyssey_38481962
2017-02-19,16,88,104,ChannelAngryBirdsRoost
2017-02-19,133,886,1019,purpleamazonfire_74641a18
2017-01-03,2488,5256,7744,AngryBirdsStarWarsFull
2017-01-03,1901,3457,5358,Yellow
2017-01-03,3258,5889,9147,AngryBirdsSpaceFull
2017-01-03,396,2817,3213,ChannelRoku
2017-01-03,338,1225,1563,AngryBirdsStarWarsLight
2017-01-03,4586,6311,10897,Abba
2017-01-03,4464,310,4774,ChannelWeb
2017-01-03,6512,24898,31410,Toonstv
2017-01-03,600,1381,1981,toonstvmade4samsung_6d2a0fc4
2017-01-03,15,57,72,abactionchina_49cba9cb
2017-01-03,461,156,617,toonstvkidoz_c161558
2017-01-03,44,45,89,tntgame_149fb4d3
2017-01-03,123,797,920,badpiggiesodyssey_38481962
2017-01-03,2408,6766,9174,Crimson
2017-01-03,217,186,403,abactionchinaandroid_1d7ba513
2017-01-03,191,637,828,purpleamazonfire_74641a18
2017-01-03,155,996,1151,Purple
2017-01-03,853,6078,6931,AngryBirdsClassicLight
2017-01-03,1612,4897,6509,BadPiggiesFull
2017-01-03,5672,11834,17506,AngryBirdsRioFull
2017-01-03,1491,3854,5345,BlueSteel
2017-01-03,1456,3444,4900,AngryBirdsFriends
2017-01-03,3352,10776,14128,ChannelSmartTv
2017-01-03,1,1,2,toonsclientsdk_3f59016a
2017-01-03,169,394,563,popcorn_7901fbf5
2017-01-03,1226,2434,3660,Gold
2017-01-03,3388,106,3494,rovio_3bb4586d
2017-01-03,,1,1,badpiggiestest_a28c1aa
2017-01-03,43,176,219,PurpleChina
2017-01-03,82,587,669,AngryBirdsSpaceLight
2017-01-03,182,650,832,Birdkeeper
2017-01-03,82,793,875,BadPiggiesLight
2017-01-03,646,2457,3103,AngryBirdsSeasonsFull
2017-01-03,5633,13618,19251,AngryBirdsClassic
2017-01-03,208,741,949,AngryBirdsClassicTalkweb
2017-01-03,48,197,245,toonstvappletv_7c3cb333
2017-01-03,2,2,4,abbakunluniosgpchina_1fffd0c2
2017-01-03,,2,2,abbafortumo_6df226f7
2017-01-03,17,92,109,ChannelAngryBirdsRoost
2017-01-03,314,235,549,angrybirdsfortumo_7bf816e1
2017-02-16,3989,10839,14828,AngryBirdsRioFull
2017-02-16,670,2122,2792,AngryBirdsSeasonsFull
2017-02-16,4039,10568,14607,AngryBirdsClassic
2017-02-16,1556,3285,4841,Yellow
2017-02-16,1072,3739,4811,BlueSteel
2017-02-16,1319,4414,5733,BadPiggiesFull
2017-02-16,7205,7185,14390,Abba
2017-02-16,160,357,517,popcorn_7901fbf5
2017-02-16,20,32,52,tntgame_149fb4d3
2017-02-16,1923,6294,8217,Crimson
2017-02-16,137,515,652,Birdkeeper
2017-02-16,1,4,5,abbakunluniosgpchina_1fffd0c2
2017-02-16,37,207,244,toonstvappletv_7c3cb333
2017-02-16,288,226,514,abactionchinaandroid_1d7ba513
2017-02-16,5,3,8,spilgames_64ada0f8
2017-02-16,91,757,848,badpiggiesodyssey_38481962
2017-02-16,1994,4533,6527,AngryBirdsStarWarsFull
2017-02-16,65,492,557,AngryBirdsSpaceLight
2017-02-16,116,641,757,purpleamazonfire_74641a18
2017-02-16,485,1639,2124,toonstvmade4samsung_6d2a0fc4
2017-02-16,34,40,74,abactionchina_49cba9cb
2017-02-16,1,1,2,toonsclientsdk_3f59016a
2017-02-16,168,202,370,angrybirdsfortumo_7bf816e1
2017-02-16,281,2496,2777,ChannelRoku
2017-02-16,664,493,1157,toonstvkidoz_c161558
2017-02-16,3315,6363,9678,AngryBirdsSpaceFull
2017-02-16,55,594,649,BadPiggiesLight
2017-02-16,88,231,319,PurpleChina
2017-02-16,10,80,90,ChannelAngryBirdsRoost
2017-02-16,1890,10755,12645,ChannelSmartTv
2017-02-16,5750,25209,30959,Toonstv
2017-02-16,4083,303,4386,ChannelWeb
2017-02-16,117,757,874,Purple
2017-02-16,663,5301,5964,AngryBirdsClassicLight
2017-02-16,3802,988,4790,rovio_3bb4586d
2017-02-16,818,2057,2875,Gold
2017-02-16,,1,1,silver_3ddc7ced
2017-02-16,178,920,1098,AngryBirdsStarWarsLight
2017-02-16,2,2,4,abbafortumo_6df226f7
2017-02-16,253,868,1121,AngryBirdsClassicTalkweb
2017-02-16,1389,3917,5306,AngryBirdsFriends
2017-01-20,1172,3607,4779,AngryBirdsFriends
2017-01-20,170,625,795,Birdkeeper
2017-01-20,6080,26822,32902,Toonstv
2017-01-20,8633,7069,15702,AngryBirdsSpaceFull
2017-01-20,2459,7104,9563,Crimson
2017-01-20,1,8,9,abbakunluniosgpchina_1fffd0c2
2017-01-20,191,986,1177,Purple
2017-01-20,1573,4839,6412,BadPiggiesFull
2017-01-20,66,87,153,abactionchina_49cba9cb
2017-01-20,1297,3849,5146,BlueSteel
2017-01-20,5188,398,5586,ChannelWeb
2017-01-20,190,370,560,PurpleChina
2017-01-20,854,6409,7263,AngryBirdsClassicLight
2017-01-20,856,2470,3326,AngryBirdsSeasonsFull
2017-01-20,1853,3667,5520,Yellow
2017-01-20,22,70,92,ChannelAngryBirdsRoost
2017-01-20,49,204,253,toonstvappletv_7c3cb333
2017-01-20,1031,681,1712,toonstvkidoz_c161558
2017-01-20,75,740,815,BadPiggiesLight
2017-01-20,209,428,637,popcorn_7901fbf5
2017-01-20,2262,5106,7368,AngryBirdsStarWarsFull
2017-01-20,1092,2665,3757,Gold
2017-01-20,141,650,791,purpleamazonfire_74641a18
2017-01-20,2,1,3,abbafortumo_6df226f7
2017-01-20,3636,149,3785,rovio_3bb4586d
2017-01-20,20,29,49,tntgame_149fb4d3
2017-01-20,5388,13706,19094,AngryBirdsClassic
2017-01-20,5328,12192,17520,AngryBirdsRioFull
2017-01-20,324,283,607,angrybirdsfortumo_7bf816e1
2017-01-20,274,1208,1482,AngryBirdsStarWarsLight
2017-01-20,523,1217,1740,AngryBirdsClassicTalkweb
2017-01-20,551,330,881,abactionchinaandroid_1d7ba513
2017-01-20,541,1598,2139,toonstvmade4samsung_6d2a0fc4
2017-01-20,300,2619,2919,ChannelRoku
2017-01-20,93,825,918,badpiggiesodyssey_38481962
2017-01-20,2432,11817,14249,ChannelSmartTv
2017-01-20,5099,6396,11495,Abba
2017-01-20,77,602,679,AngryBirdsSpaceLight
2017-01-28,1562,4535,6097,AngryBirdsFriends
2017-01-28,365,1506,1871,AngryBirdsStarWarsLight
2017-01-28,640,1259,1899,AngryBirdsClassicTalkweb
2017-01-28,2840,6635,9475,AngryBirdsStarWarsFull
2017-01-28,176,876,1052,purpleamazonfire_74641a18
2017-01-28,3207,9593,12800,Crimson
2017-01-28,2830,13504,16334,ChannelSmartTv
2017-01-28,2135,6367,8502,BadPiggiesFull
2017-01-28,1410,3086,4496,Gold
2017-01-28,2457,5032,7489,Yellow
2017-01-28,6564,15652,22216,AngryBirdsRioFull
2017-01-28,1245,3074,4319,AngryBirdsSeasonsFull
2017-01-28,6858,31173,38031,Toonstv
2017-01-28,248,738,986,Birdkeeper
2017-01-28,6228,386,6614,ChannelWeb
2017-01-28,4189,156,4345,rovio_3bb4586d
2017-01-28,1886,5568,7454,BlueSteel
2017-01-28,26,36,62,tntgame_149fb4d3
2017-01-28,249,227,476,angrybirdsfortumo_7bf816e1
2017-01-28,82,110,192,abactionchina_49cba9cb
2017-01-28,6134,16546,22680,AngryBirdsClassic
2017-01-28,5856,8731,14587,Abba
2017-01-28,7534,10759,18293,AngryBirdsSpaceFull
2017-01-28,102,703,805,AngryBirdsSpaceLight
2017-01-28,808,596,1404,toonstvkidoz_c161558
2017-01-28,254,526,780,popcorn_7901fbf5
2017-01-28,867,450,1317,abactionchinaandroid_1d7ba513
2017-01-28,788,1961,2749,toonstvmade4samsung_6d2a0fc4
2017-01-28,181,1085,1266,badpiggiesodyssey_38481962
2017-01-28,13,103,116,ChannelAngryBirdsRoost
2017-01-28,3,6,9,abbakunluniosgpchina_1fffd0c2
2017-01-28,251,1330,1581,Purple
2017-01-28,83,303,386,toonstvappletv_7c3cb333
2017-01-28,216,488,704,PurpleChina
2017-01-28,527,3750,4277,ChannelRoku
2017-01-28,110,1030,1140,BadPiggiesLight
2017-01-28,1264,7615,8879,AngryBirdsClassicLight
2017-02-14,1372,3436,4808,AngryBirdsFriends
2017-02-14,3932,10440,14372,AngryBirdsClassic
2017-02-14,3788,289,4077,ChannelWeb
2017-02-14,4646,10852,15498,AngryBirdsRioFull
2017-02-14,5327,24598,29925,Toonstv
2017-02-14,3350,6167,9517,AngryBirdsSpaceFull
2017-02-14,647,5020,5667,AngryBirdsClassicLight
2017-02-14,1968,6207,8175,Crimson
2017-02-14,141,407,548,popcorn_7901fbf5
2017-02-14,24,47,71,abactionchina_49cba9cb
2017-02-14,115,263,378,PurpleChina
2017-02-14,732,2028,2760,AngryBirdsSeasonsFull
2017-02-14,4026,904,4930,rovio_3bb4586d
2017-02-14,7255,7029,14284,Abba
2017-02-14,23,23,46,tntgame_149fb4d3
2017-02-14,1700,10379,12079,ChannelSmartTv
2017-02-14,305,859,1164,AngryBirdsClassicTalkweb
2017-02-14,60,467,527,AngryBirdsSpaceLight
2017-02-14,124,756,880,Purple
2017-02-14,1010,3497,4507,BlueSteel
2017-02-14,335,226,561,abactionchinaandroid_1d7ba513
2017-02-14,33,182,215,toonstvappletv_7c3cb333
2017-02-14,54,631,685,BadPiggiesLight
2017-02-14,769,1831,2600,Gold
2017-02-14,686,667,1353,toonstvkidoz_c161558
2017-02-14,148,903,1051,AngryBirdsStarWarsLight
2017-02-14,1293,4321,5614,BadPiggiesFull
2017-02-14,2127,4443,6570,AngryBirdsStarWarsFull
2017-02-14,71,738,809,badpiggiesodyssey_38481962
2017-02-14,,5,5,abbakunluniosgpchina_1fffd0c2
2017-02-14,1465,3247,4712,Yellow
2017-02-14,143,561,704,Birdkeeper
2017-02-14,,1,1,toonstvsocialmobile_3c7ae0d6
2017-02-14,202,215,417,angrybirdsfortumo_7bf816e1
2017-02-14,2,1,3,abbafortumo_6df226f7
2017-02-14,110,636,746,purpleamazonfire_74641a18
2017-02-14,,1,1,spilgames_64ada0f8
2017-02-14,12,79,91,ChannelAngryBirdsRoost
2017-02-14,273,2472,2745,ChannelRoku
2017-02-14,424,1576,2000,toonstvmade4samsung_6d2a0fc4
2017-01-19,5128,12594,17722,AngryBirdsClassic
2017-01-19,142,383,525,PurpleChina
2017-01-19,1962,4589,6551,AngryBirdsStarWarsFull
2017-01-19,4724,372,5096,ChannelWeb
2017-01-19,4346,5756,10102,Abba
2017-01-19,5630,23939,29569,Toonstv
2017-01-19,2039,6283,8322,Crimson
2017-01-19,1535,3167,4702,Yellow
2017-01-19,513,1556,2069,toonstvmade4samsung_6d2a0fc4
2017-01-19,66,608,674,BadPiggiesLight
2017-01-19,13,71,84,ChannelAngryBirdsRoost
2017-01-19,2361,10925,13286,ChannelSmartTv
2017-01-19,1098,3360,4458,BlueSteel
2017-01-19,924,2131,3055,Gold
2017-01-19,768,2239,3007,AngryBirdsSeasonsFull
2017-01-19,1108,3188,4296,AngryBirdsFriends
2017-01-19,148,395,543,popcorn_7901fbf5
2017-01-19,10,23,33,tntgame_149fb4d3
2017-01-19,234,196,430,angrybirdsfortumo_7bf816e1
2017-01-19,69,88,157,abactionchina_49cba9cb
2017-01-19,4897,10677,15574,AngryBirdsRioFull
2017-01-19,4006,5490,9496,AngryBirdsSpaceFull
2017-01-19,37,194,231,toonstvappletv_7c3cb333
2017-01-19,524,1234,1758,AngryBirdsClassicTalkweb
2017-01-19,166,875,1041,Purple
2017-01-19,647,5443,6090,AngryBirdsClassicLight
2017-01-19,224,990,1214,AngryBirdsStarWarsLight
2017-01-19,2,1,3,abbafortumo_6df226f7
2017-01-19,975,648,1623,toonstvkidoz_c161558
2017-01-19,3902,150,4052,rovio_3bb4586d
2017-01-19,4,4,8,abbakunluniosgpchina_1fffd0c2
2017-01-19,317,2562,2879,ChannelRoku
2017-01-19,66,493,559,AngryBirdsSpaceLight
2017-01-19,179,576,755,Birdkeeper
2017-01-19,134,604,738,purpleamazonfire_74641a18
2017-01-19,1399,4343,5742,BadPiggiesFull
2017-01-19,112,707,819,badpiggiesodyssey_38481962
2017-01-19,538,356,894,abactionchinaandroid_1d7ba513
2017-02-28,51,415,466,AngryBirdsSpaceLight
2017-02-28,1911,9455,11366,ChannelSmartTv
2017-02-28,2453,827,3280,rovio_3bb4586d
2017-02-28,1,2,3,toonsclientsdk_3f59016a
2017-02-28,859,3469,4328,BadPiggiesFull
2017-02-28,1282,3467,4749,AngryBirdsStarWarsFull
2017-02-28,,1,1,spilgames_64ada0f8
2017-02-28,45,189,234,PurpleChina
2017-02-28,259,2153,2412,ChannelRoku
2017-02-28,401,1625,2026,AngryBirdsSeasonsFull
2017-02-28,115,281,396,popcorn_7901fbf5
2017-02-28,2646,196,2842,ChannelWeb
2017-02-28,43,471,514,BadPiggiesLight
2017-02-28,2304,8202,10506,AngryBirdsRioFull
2017-02-28,1169,583,1752,toonstvkidoz_c161558
2017-02-28,80,654,734,Purple
2017-02-28,519,1422,1941,toonstvmade4samsung_6d2a0fc4
2017-02-28,3129,5022,8151,Abba
2017-02-28,2638,8452,11090,AngryBirdsClassic
2017-02-28,8,58,66,ChannelAngryBirdsRoost
2017-02-28,1,3,4,abbakunluniosgpchina_1fffd0c2
2017-02-28,916,2439,3355,Yellow
2017-02-28,149,2,151,spilgamesweb_4015b0ee
2017-02-28,485,4328,4813,AngryBirdsClassicLight
2017-02-28,165,556,721,Birdkeeper
2017-02-28,136,725,861,AngryBirdsStarWarsLight
2017-02-28,66,625,691,badpiggiesodyssey_38481962
2017-02-28,53,479,532,purpleamazonfire_74641a18
2017-02-28,278,855,1133,Gold
2017-02-28,206,802,1008,AngryBirdsClassicTalkweb
2017-02-28,953,3233,4186,AngryBirdsSpaceFull
2017-02-28,725,3837,4562,Crimson
2017-02-28,661,2464,3125,AngryBirdsFriends
2017-02-28,117,130,247,angrybirdsfortumo_7bf816e1
2017-02-28,3641,20077,23718,Toonstv
2017-02-28,8,15,23,tntgame_149fb4d3
2017-02-28,,1,1,lgtv_7fb7e2ff
2017-02-28,135,88,223,abactionchina_49cba9cb
2017-02-28,201,168,369,abactionchinaandroid_1d7ba513
2017-02-28,720,2889,3609,BlueSteel
2017-02-28,21,161,182,toonstvappletv_7c3cb333
2017-03-01,14,54,68,ChannelAngryBirdsRoost
2017-03-01,811,2887,3698,BlueSteel
2017-03-01,1136,2922,4058,Yellow
2017-03-01,2959,855,3814,rovio_3bb4586d
2017-03-01,3186,11552,14738,ChannelSmartTv
2017-03-01,3286,10213,13499,AngryBirdsClassic
2017-03-01,178,928,1106,AngryBirdsStarWarsLight
2017-03-01,139,325,464,popcorn_7901fbf5
2017-03-01,1121,4244,5365,BadPiggiesFull
2017-03-01,205,704,909,AngryBirdsClassicTalkweb
2017-03-01,32,195,227,toonstvappletv_7c3cb333
2017-03-01,3328,231,3559,ChannelWeb
2017-03-01,205,3,208,spilgamesweb_4015b0ee
2017-03-01,3826,5941,9767,Abba
2017-03-01,1604,4229,5833,AngryBirdsStarWarsFull
2017-03-01,62,557,619,BadPiggiesLight
2017-03-01,225,673,898,Birdkeeper
2017-03-01,316,987,1303,Gold
2017-03-01,1,3,4,abbakunluniosgpchina_1fffd0c2
2017-03-01,40,416,456,AngryBirdsSpaceLight
2017-03-01,956,3042,3998,AngryBirdsFriends
2017-03-01,41,168,209,PurpleChina
2017-03-01,1074,3742,4816,AngryBirdsSpaceFull
2017-03-01,58,554,612,purpleamazonfire_74641a18
2017-03-01,2885,9918,12803,AngryBirdsRioFull
2017-03-01,857,4587,5444,Crimson
2017-03-01,4434,22945,27379,Toonstv
2017-03-01,494,1996,2490,AngryBirdsSeasonsFull
2017-03-01,599,5189,5788,AngryBirdsClassicLight
2017-03-01,127,814,941,Purple
2017-03-01,109,69,178,abactionchina_49cba9cb
2017-03-01,326,2629,2955,ChannelRoku
2017-03-01,168,156,324,abactionchinaandroid_1d7ba513
2017-03-01,21,21,42,tntgame_149fb4d3
2017-03-01,62,726,788,badpiggiesodyssey_38481962
2017-03-01,121,134,255,angrybirdsfortumo_7bf816e1
2017-03-01,666,1759,2425,toonstvmade4samsung_6d2a0fc4
2017-03-01,1373,690,2063,toonstvkidoz_c161558
2017-03-01,,1,1,spilgames_64ada0f8
2017-01-12,204,997,1201,AngryBirdsStarWarsLight
2017-01-12,66,520,586,AngryBirdsSpaceLight
2017-01-12,172,568,740,Birdkeeper
2017-01-12,1336,2803,4139,Yellow
2017-01-12,1856,5976,7832,Crimson
2017-01-12,934,2165,3099,Gold
2017-01-12,364,1035,1399,AngryBirdsClassicTalkweb
2017-01-12,5529,22496,28025,Toonstv
2017-01-12,32,174,206,toonstvappletv_7c3cb333
2017-01-12,1234,4038,5272,BadPiggiesFull
2017-01-12,1886,4311,6197,AngryBirdsStarWarsFull
2017-01-12,2892,5055,7947,AngryBirdsSpaceFull
2017-01-12,4117,320,4437,ChannelWeb
2017-01-12,3745,5373,9118,Abba
2017-01-12,3037,100,3137,rovio_3bb4586d
2017-01-12,146,317,463,popcorn_7901fbf5
2017-01-12,1066,3005,4071,BlueSteel
2017-01-12,1093,3161,4254,AngryBirdsFriends
2017-01-12,137,861,998,Purple
2017-01-12,119,315,434,PurpleChina
2017-01-12,105,601,706,purpleamazonfire_74641a18
2017-01-12,946,309,1255,toonstvkidoz_c161558
2017-01-12,2480,10547,13027,ChannelSmartTv
2017-01-12,14,72,86,ChannelAngryBirdsRoost
2017-01-12,272,247,519,angrybirdsfortumo_7bf816e1
2017-01-12,637,5368,6005,AngryBirdsClassicLight
2017-01-12,1,3,4,abbakunluniosgpchina_1fffd0c2
2017-01-12,655,2156,2811,AngryBirdsSeasonsFull
2017-01-12,60,570,630,BadPiggiesLight
2017-01-12,549,1424,1973,toonstvmade4samsung_6d2a0fc4
2017-01-12,281,2286,2567,ChannelRoku
2017-01-12,4786,11811,16597,AngryBirdsClassic
2017-01-12,105,673,778,badpiggiesodyssey_38481962
2017-01-12,4387,10119,14506,AngryBirdsRioFull
2017-01-12,47,72,119,abactionchina_49cba9cb
2017-01-12,527,287,814,abactionchinaandroid_1d7ba513
2017-01-12,14,12,26,tntgame_149fb4d3
2017-02-22,4282,6193,10475,Abba
2017-02-22,3577,280,3857,ChannelWeb
2017-02-22,1063,5221,6284,Crimson
2017-02-22,49,589,638,BadPiggiesLight
2017-02-22,167,581,748,Birdkeeper
2017-02-22,1212,3006,4218,Yellow
2017-02-22,103,760,863,Purple
2017-02-22,133,167,300,angrybirdsfortumo_7bf816e1
2017-02-22,266,902,1168,AngryBirdsClassicTalkweb
2017-02-22,2867,10371,13238,AngryBirdsRioFull
2017-02-22,7,65,72,ChannelAngryBirdsRoost
2017-02-22,697,2044,2741,Gold
2017-02-22,3319,966,4285,rovio_3bb4586d
2017-02-22,2234,5690,7924,AngryBirdsSpaceFull
2017-02-22,1192,4444,5636,BadPiggiesFull
2017-02-22,521,2079,2600,AngryBirdsSeasonsFull
2017-02-22,61,426,487,AngryBirdsSpaceLight
2017-02-22,,3,3,spilgames_64ada0f8
2017-02-22,446,1617,2063,toonstvmade4samsung_6d2a0fc4
2017-02-22,1760,11025,12785,ChannelSmartTv
2017-02-22,20,15,35,tntgame_149fb4d3
2017-02-22,309,2594,2903,ChannelRoku
2017-02-22,83,668,751,purpleamazonfire_74641a18
2017-02-22,960,3117,4077,AngryBirdsFriends
2017-02-22,4909,24695,29604,Toonstv
2017-02-22,93,50,143,abactionchina_49cba9cb
2017-02-22,1552,4341,5893,AngryBirdsStarWarsFull
2017-02-22,649,5198,5847,AngryBirdsClassicLight
2017-02-22,33,173,206,toonstvappletv_7c3cb333
2017-02-22,1011,3865,4876,BlueSteel
2017-02-22,88,220,308,PurpleChina
2017-02-22,3010,10264,13274,AngryBirdsClassic
2017-02-22,542,269,811,toonstvkidoz_c161558
2017-02-22,196,201,397,abactionchinaandroid_1d7ba513
2017-02-22,173,925,1098,AngryBirdsStarWarsLight
2017-02-22,,1,1,abbakunluniosgpchina_1fffd0c2
2017-02-22,76,812,888,badpiggiesodyssey_38481962
2017-02-22,137,330,467,popcorn_7901fbf5
2017-01-31,1352,3089,4441,Yellow
2017-01-31,220,455,675,PurpleChina
2017-01-31,172,420,592,popcorn_7901fbf5
2017-01-31,1154,3575,4729,BlueSteel
2017-01-31,130,923,1053,Purple
2017-01-31,835,604,1439,toonstvkidoz_c161558
2017-01-31,1877,6587,8464,Crimson
2017-01-31,4024,6000,10024,Abba
2017-01-31,68,581,649,BadPiggiesLight
2017-01-31,1224,3578,4802,AngryBirdsFriends
2017-01-31,2045,4770,6815,AngryBirdsStarWarsFull
2017-01-31,12,81,93,ChannelAngryBirdsRoost
2017-01-31,74,496,570,AngryBirdsSpaceLight
2017-01-31,4708,363,5071,ChannelWeb
2017-01-31,636,1162,1798,AngryBirdsClassicTalkweb
2017-01-31,1396,4455,5851,BadPiggiesFull
2017-01-31,2047,11185,13232,ChannelSmartTv
2017-01-31,625,5389,6014,AngryBirdsClassicLight
2017-01-31,3308,116,3424,rovio_3bb4586d
2017-01-31,291,2546,2837,ChannelRoku
2017-01-31,5013,23667,28680,Toonstv
2017-01-31,196,191,387,angrybirdsfortumo_7bf816e1
2017-01-31,4538,11211,15749,AngryBirdsRioFull
2017-01-31,36,184,220,toonstvappletv_7c3cb333
2017-01-31,145,974,1119,AngryBirdsStarWarsLight
2017-01-31,919,452,1371,abactionchinaandroid_1d7ba513
2017-01-31,4039,11553,15592,AngryBirdsClassic
2017-01-31,1026,2304,3330,AngryBirdsSeasonsFull
2017-01-31,202,592,794,Birdkeeper
2017-01-31,480,1579,2059,toonstvmade4samsung_6d2a0fc4
2017-01-31,86,118,204,abactionchina_49cba9cb
2017-01-31,11,26,37,tntgame_149fb4d3
2017-01-31,93,672,765,purpleamazonfire_74641a18
2017-01-31,4275,7333,11608,AngryBirdsSpaceFull
2017-01-31,864,2241,3105,Gold
2017-01-31,5,8,13,abbakunluniosgpchina_1fffd0c2
2017-01-31,79,811,890,badpiggiesodyssey_38481962
2017-01-23,3035,147,3182,rovio_3bb4586d
2017-01-23,199,1060,1259,AngryBirdsStarWarsLight
2017-01-23,2037,11124,13161,ChannelSmartTv
2017-01-23,141,891,1032,Purple
2017-01-23,90,772,862,badpiggiesodyssey_38481962
2017-01-23,4843,11093,15936,AngryBirdsRioFull
2017-01-23,9277,8273,17550,AngryBirdsSpaceFull
2017-01-23,728,5525,6253,AngryBirdsClassicLight
2017-01-23,5119,415,5534,ChannelWeb
2017-01-23,1347,4340,5687,BadPiggiesFull
2017-01-23,934,2182,3116,Gold
2017-01-23,88,508,596,AngryBirdsSpaceLight
2017-01-23,5476,24525,30001,Toonstv
2017-01-23,,1,1,abbafortumo_6df226f7
2017-01-23,157,348,505,popcorn_7901fbf5
2017-01-23,1660,3279,4939,Yellow
2017-01-23,81,81,162,abactionchina_49cba9cb
2017-01-23,310,2600,2910,ChannelRoku
2017-01-23,13,79,92,ChannelAngryBirdsRoost
2017-01-23,195,617,812,Birdkeeper
2017-01-23,572,341,913,abactionchinaandroid_1d7ba513
2017-01-23,128,653,781,purpleamazonfire_74641a18
2017-01-23,2144,6953,9097,Crimson
2017-01-23,4685,6168,10853,Abba
2017-01-23,164,378,542,PurpleChina
2017-01-23,1,10,11,abbakunluniosgpchina_1fffd0c2
2017-01-23,519,1590,2109,toonstvmade4samsung_6d2a0fc4
2017-01-23,890,2272,3162,AngryBirdsSeasonsFull
2017-01-23,1113,3163,4276,AngryBirdsFriends
2017-01-23,2081,4651,6732,AngryBirdsStarWarsFull
2017-01-23,48,208,256,toonstvappletv_7c3cb333
2017-01-23,227,202,429,angrybirdsfortumo_7bf816e1
2017-01-23,1172,3634,4806,BlueSteel
2017-01-23,5027,12477,17504,AngryBirdsClassic
2017-01-23,927,642,1569,toonstvkidoz_c161558
2017-01-23,556,1234,1790,AngryBirdsClassicTalkweb
2017-01-23,59,656,715,BadPiggiesLight
2017-01-23,6,16,22,tntgame_149fb4d3
2017-02-11,5874,383,6257,ChannelWeb
2017-02-11,499,339,838,abactionchinaandroid_1d7ba513
2017-02-11,6146,15460,21606,AngryBirdsClassic
2017-02-11,1094,2951,4045,AngryBirdsSeasonsFull
2017-02-11,211,1265,1476,Purple
2017-02-11,1771,4909,6680,AngryBirdsFriends
2017-02-11,6702,15313,22015,AngryBirdsRioFull
2017-02-11,668,2052,2720,toonstvmade4samsung_6d2a0fc4
2017-02-11,1048,754,1802,toonstvkidoz_c161558
2017-02-11,3,2,5,abbafortumo_6df226f7
2017-02-11,9152,11367,20519,Abba
2017-02-11,34,43,77,tntgame_149fb4d3
2017-02-11,2091,6521,8612,BadPiggiesFull
2017-02-11,240,535,775,popcorn_7901fbf5
2017-02-11,1482,3188,4670,Gold
2017-02-11,1186,7497,8683,AngryBirdsClassicLight
2017-02-11,495,3740,4235,ChannelRoku
2017-02-11,5194,8632,13826,AngryBirdsSpaceFull
2017-02-11,2823,13836,16659,ChannelSmartTv
2017-02-11,2854,5185,8039,Yellow
2017-02-11,308,1409,1717,AngryBirdsStarWarsLight
2017-02-11,60,91,151,abactionchina_49cba9cb
2017-02-11,139,336,475,PurpleChina
2017-02-11,63,303,366,toonstvappletv_7c3cb333
2017-02-11,5883,1022,6905,rovio_3bb4586d
2017-02-11,3266,6459,9725,AngryBirdsStarWarsFull
2017-02-11,216,766,982,Birdkeeper
2017-02-11,1791,5740,7531,BlueSteel
2017-02-11,9164,32578,41742,Toonstv
2017-02-11,175,177,352,angrybirdsfortumo_7bf816e1
2017-02-11,2,6,8,abbakunluniosgpchina_1fffd0c2
2017-02-11,3364,9564,12928,Crimson
2017-02-11,101,666,767,AngryBirdsSpaceLight
2017-02-11,106,956,1062,BadPiggiesLight
2017-02-11,158,1106,1264,badpiggiesodyssey_38481962
2017-02-11,16,118,134,ChannelAngryBirdsRoost
2017-02-11,429,1130,1559,AngryBirdsClassicTalkweb
2017-02-11,175,955,1130,purpleamazonfire_74641a18
2017-02-08,1358,3179,4537,Yellow
2017-02-08,1931,6656,8587,Crimson
2017-02-08,4899,23620,28519,Toonstv
2017-02-08,782,711,1493,toonstvkidoz_c161558
2017-02-08,118,687,805,purpleamazonfire_74641a18
2017-02-08,22,19,41,tntgame_149fb4d3
2017-02-08,73,490,563,AngryBirdsSpaceLight
2017-02-08,31,214,245,toonstvappletv_7c3cb333
2017-02-08,864,2030,2894,Gold
2017-02-08,2,1,3,abbafortumo_6df226f7
2017-02-08,566,1411,1977,AngryBirdsClassicTalkweb
2017-02-08,132,860,992,Purple
2017-02-08,181,455,636,PurpleChina
2017-02-08,4527,375,4902,ChannelWeb
2017-02-08,3123,6408,9531,AngryBirdsSpaceFull
2017-02-08,4147,11264,15411,AngryBirdsRioFull
2017-02-08,4434,778,5212,rovio_3bb4586d
2017-02-08,1250,4519,5769,BadPiggiesFull
2017-02-08,319,2630,2949,ChannelRoku
2017-02-08,143,357,500,popcorn_7901fbf5
2017-02-08,1083,3650,4733,AngryBirdsFriends
2017-02-08,50,645,695,BadPiggiesLight
2017-02-08,1843,4596,6439,AngryBirdsStarWarsFull
2017-02-08,161,618,779,Birdkeeper
2017-02-08,946,2250,3196,AngryBirdsSeasonsFull
2017-02-08,3711,11347,15058,AngryBirdsClassic
2017-02-08,1539,4398,5937,BlueSteel
2017-02-08,708,5524,6232,AngryBirdsClassicLight
2017-02-08,737,475,1212,abactionchinaandroid_1d7ba513
2017-02-08,4032,5815,9847,Abba
2017-02-08,2073,10847,12920,ChannelSmartTv
2017-02-08,163,970,1133,AngryBirdsStarWarsLight
2017-02-08,137,132,269,angrybirdsfortumo_7bf816e1
2017-02-08,75,813,888,badpiggiesodyssey_38481962
2017-02-08,494,1629,2123,toonstvmade4samsung_6d2a0fc4
2017-02-08,72,93,165,abactionchina_49cba9cb
2017-02-08,16,66,82,ChannelAngryBirdsRoost
2017-02-08,3,8,11,abbakunluniosgpchina_1fffd0c2
2017-02-27,566,5249,5815,AngryBirdsClassicLight
2017-02-27,522,1968,2490,AngryBirdsSeasonsFull
2017-02-27,4103,6151,10254,Abba
2017-02-27,1487,601,2088,toonstvkidoz_c161558
2017-02-27,3470,10516,13986,AngryBirdsClassic
2017-02-27,73,163,236,PurpleChina
2017-02-27,3082,9915,12997,AngryBirdsRioFull
2017-02-27,17,24,41,tntgame_149fb4d3
2017-02-27,1955,11073,13028,ChannelSmartTv
2017-02-27,176,643,819,Birdkeeper
2017-02-27,3326,244,3570,ChannelWeb
2017-02-27,3183,943,4126,rovio_3bb4586d
2017-02-27,932,4748,5680,Crimson
2017-02-27,167,183,350,abactionchinaandroid_1d7ba513
2017-02-27,590,1637,2227,toonstvmade4samsung_6d2a0fc4
2017-02-27,163,911,1074,AngryBirdsStarWarsLight
2017-02-27,1260,3122,4382,Yellow
2017-02-27,66,740,806,badpiggiesodyssey_38481962
2017-02-27,346,1193,1539,Gold
2017-02-27,78,548,626,purpleamazonfire_74641a18
2017-02-27,70,577,647,BadPiggiesLight
2017-02-27,890,2937,3827,AngryBirdsFriends
2017-02-27,135,348,483,popcorn_7901fbf5
2017-02-27,13,79,92,ChannelAngryBirdsRoost
2017-02-27,126,89,215,abactionchina_49cba9cb
2017-02-27,199,728,927,AngryBirdsClassicTalkweb
2017-02-27,1625,4384,6009,AngryBirdsStarWarsFull
2017-02-27,1100,4315,5415,BadPiggiesFull
2017-02-27,4670,24024,28694,Toonstv
2017-02-27,32,215,247,toonstvappletv_7c3cb333
2017-02-27,5,1,6,abbafortumo_6df226f7
2017-02-27,56,483,539,AngryBirdsSpaceLight
2017-02-27,,2,2,abbakunluniosgpchina_1fffd0c2
2017-02-27,106,822,928,Purple
2017-02-27,126,146,272,angrybirdsfortumo_7bf816e1
2017-02-27,89,6,95,spilgamesweb_4015b0ee
2017-02-27,,1,1,toonsclientsdk_3f59016a
2017-02-27,871,3585,4456,BlueSteel
2017-02-27,1160,4082,5242,AngryBirdsSpaceFull
2017-02-27,341,2776,3117,ChannelRoku
2017-02-15,437,1591,2028,toonstvmade4samsung_6d2a0fc4
2017-02-15,5375,25065,30440,Toonstv
2017-02-15,873,1976,2849,Gold
2017-02-15,90,260,350,PurpleChina
2017-02-15,4045,284,4329,ChannelWeb
2017-02-15,3986,10626,14612,AngryBirdsClassic
2017-02-15,4430,10950,15380,AngryBirdsRioFull
2017-02-15,1846,10643,12489,ChannelSmartTv
2017-02-15,,1,1,toonsclientsdk_3f59016a
2017-02-15,,1,1,silver_3ddc7ced
2017-02-15,1215,4317,5532,BadPiggiesFull
2017-02-15,640,632,1272,toonstvkidoz_c161558
2017-02-15,3794,868,4662,rovio_3bb4586d
2017-02-15,3304,6256,9560,AngryBirdsSpaceFull
2017-02-15,113,791,904,Purple
2017-02-15,672,2001,2673,AngryBirdsSeasonsFull
2017-02-15,660,5215,5875,AngryBirdsClassicLight
2017-02-15,1925,6351,8276,Crimson
2017-02-15,83,810,893,badpiggiesodyssey_38481962
2017-02-15,17,36,53,tntgame_149fb4d3
2017-02-15,171,525,696,Birdkeeper
2017-02-15,99,643,742,purpleamazonfire_74641a18
2017-02-15,,2,2,spilgames_64ada0f8
2017-02-15,1587,3294,4881,Yellow
2017-02-15,1086,3867,4953,BlueSteel
2017-02-15,1477,4011,5488,AngryBirdsFriends
2017-02-15,39,187,226,toonstvappletv_7c3cb333
2017-02-15,38,41,79,abactionchina_49cba9cb
2017-02-15,244,2485,2729,ChannelRoku
2017-02-15,47,596,643,BadPiggiesLight
2017-02-15,7578,7290,14868,Abba
2017-02-15,177,867,1044,AngryBirdsStarWarsLight
2017-02-15,146,371,517,popcorn_7901fbf5
2017-02-15,46,467,513,AngryBirdsSpaceLight
2017-02-15,1944,4555,6499,AngryBirdsStarWarsFull
2017-02-15,305,210,515,abactionchinaandroid_1d7ba513
2017-02-15,163,207,370,angrybirdsfortumo_7bf816e1
2017-02-15,15,64,79,ChannelAngryBirdsRoost
2017-02-15,251,824,1075,AngryBirdsClassicTalkweb
2017-02-15,,2,2,abbakunluniosgpchina_1fffd0c2
2017-02-18,2770,13816,16586,ChannelSmartTv
2017-02-18,2341,6222,8563,AngryBirdsStarWarsFull
2017-02-18,304,1063,1367,Birdkeeper
2017-02-18,2107,8576,10683,Crimson
2017-02-18,95,686,781,AngryBirdsSpaceLight
2017-02-18,4460,1076,5536,rovio_3bb4586d
2017-02-18,5298,317,5615,ChannelWeb
2017-02-18,201,1219,1420,Purple
2017-02-18,6961,32070,39031,Toonstv
2017-02-18,98,953,1051,BadPiggiesLight
2017-02-18,43,67,110,abactionchina_49cba9cb
2017-02-18,911,2989,3900,AngryBirdsSeasonsFull
2017-02-18,1248,2981,4229,Gold
2017-02-18,175,237,412,angrybirdsfortumo_7bf816e1
2017-02-18,209,484,693,popcorn_7901fbf5
2017-02-18,1571,4740,6311,AngryBirdsFriends
2017-02-18,138,362,500,PurpleChina
2017-02-18,1731,5661,7392,BlueSteel
2017-02-18,406,311,717,abactionchinaandroid_1d7ba513
2017-02-18,137,960,1097,purpleamazonfire_74641a18
2017-02-18,4866,14549,19415,AngryBirdsClassic
2017-02-18,6448,9298,15746,Abba
2017-02-18,292,1397,1689,AngryBirdsStarWarsLight
2017-02-18,4259,8589,12848,AngryBirdsSpaceFull
2017-02-18,483,3615,4098,ChannelRoku
2017-02-18,4173,14163,18336,AngryBirdsRioFull
2017-02-18,73,275,348,toonstvappletv_7c3cb333
2017-02-18,2197,5030,7227,Yellow
2017-02-18,1088,7413,8501,AngryBirdsClassicLight
2017-02-18,2,1,3,abbafortumo_6df226f7
2017-02-18,643,274,917,toonstvkidoz_c161558
2017-02-18,653,2000,2653,toonstvmade4samsung_6d2a0fc4
2017-02-18,372,1185,1557,AngryBirdsClassicTalkweb
2017-02-18,1754,6243,7997,BadPiggiesFull
2017-02-18,17,100,117,ChannelAngryBirdsRoost
2017-02-18,102,1020,1122,badpiggiesodyssey_38481962
2017-02-18,38,37,75,tntgame_149fb4d3
2017-02-18,1,6,7,abbakunluniosgpchina_1fffd0c2
2017-01-10,14,27,41,tntgame_149fb4d3
2017-01-10,11,66,77,ChannelAngryBirdsRoost
2017-01-10,4651,11726,16377,AngryBirdsClassic
2017-01-10,2777,107,2884,rovio_3bb4586d
2017-01-10,146,586,732,purpleamazonfire_74641a18
2017-01-10,940,250,1190,toonstvkidoz_c161558
2017-01-10,182,342,524,popcorn_7901fbf5
2017-01-10,3880,5440,9320,Abba
2017-01-10,97,284,381,PurpleChina
2017-01-10,4149,324,4473,ChannelWeb
2017-01-10,292,245,537,angrybirdsfortumo_7bf816e1
2017-01-10,118,697,815,badpiggiesodyssey_38481962
2017-01-10,74,509,583,AngryBirdsSpaceLight
2017-01-10,932,2061,2993,Gold
2017-01-10,170,550,720,Birdkeeper
2017-01-10,1936,6080,8016,Crimson
2017-01-10,140,831,971,Purple
2017-01-10,1889,4420,6309,AngryBirdsStarWarsFull
2017-01-10,1035,3163,4198,BlueSteel
2017-01-10,2802,10892,13694,ChannelSmartTv
2017-01-10,295,2389,2684,ChannelRoku
2017-01-10,2876,5142,8018,AngryBirdsSpaceFull
2017-01-10,1553,3042,4595,Yellow
2017-01-10,4500,10429,14929,AngryBirdsRioFull
2017-01-10,383,235,618,abactionchinaandroid_1d7ba513
2017-01-10,210,951,1161,AngryBirdsStarWarsLight
2017-01-10,329,967,1296,AngryBirdsClassicTalkweb
2017-01-10,1109,3316,4425,AngryBirdsFriends
2017-01-10,52,630,682,BadPiggiesLight
2017-01-10,655,2195,2850,AngryBirdsSeasonsFull
2017-01-10,41,194,235,toonstvappletv_7c3cb333
2017-01-10,5053,22749,27802,Toonstv
2017-01-10,37,52,89,abactionchina_49cba9cb
2017-01-10,1296,4021,5317,BadPiggiesFull
2017-01-10,594,1480,2074,toonstvmade4samsung_6d2a0fc4
2017-01-10,1,1,2,abbafortumo_6df226f7
2017-01-10,2,5,7,abbakunluniosgpchina_1fffd0c2
2017-01-10,701,5381,6082,AngryBirdsClassicLight
2017-02-06,4228,6197,10425,Abba
2017-02-06,1007,3635,4642,AngryBirdsFriends
2017-02-06,2016,10749,12765,ChannelSmartTv
2017-02-06,182,177,359,angrybirdsfortumo_7bf816e1
2017-02-06,1947,6981,8928,Crimson
2017-02-06,89,794,883,badpiggiesodyssey_38481962
2017-02-06,165,456,621,PurpleChina
2017-02-06,15,73,88,ChannelAngryBirdsRoost
2017-02-06,3785,631,4416,rovio_3bb4586d
2017-02-06,869,2148,3017,Gold
2017-02-06,1956,4829,6785,AngryBirdsStarWarsFull
2017-02-06,879,2331,3210,AngryBirdsSeasonsFull
2017-02-06,737,5636,6373,AngryBirdsClassicLight
2017-02-06,,1,1,silver_3ddc7ced
2017-02-06,42,208,250,toonstvappletv_7c3cb333
2017-02-06,529,1683,2212,toonstvmade4samsung_6d2a0fc4
2017-02-06,167,617,784,Birdkeeper
2017-02-06,342,2596,2938,ChannelRoku
2017-02-06,3514,6664,10178,AngryBirdsSpaceFull
2017-02-06,554,1282,1836,AngryBirdsClassicTalkweb
2017-02-06,60,100,160,abactionchina_49cba9cb
2017-02-06,179,881,1060,Purple
2017-02-06,1301,4589,5890,BadPiggiesFull
2017-02-06,151,347,498,popcorn_7901fbf5
2017-02-06,4077,11852,15929,AngryBirdsClassic
2017-02-06,5480,23857,29337,Toonstv
2017-02-06,1246,3421,4667,BlueSteel
2017-02-06,4626,302,4928,ChannelWeb
2017-02-06,2,8,10,abbakunluniosgpchina_1fffd0c2
2017-02-06,1617,784,2401,toonstvkidoz_c161558
2017-02-06,4727,11314,16041,AngryBirdsRioFull
2017-02-06,214,1006,1220,AngryBirdsStarWarsLight
2017-02-06,11,17,28,tntgame_149fb4d3
2017-02-06,143,665,808,purpleamazonfire_74641a18
2017-02-06,1429,3251,4680,Yellow
2017-02-06,644,453,1097,abactionchinaandroid_1d7ba513
2017-02-06,63,669,732,BadPiggiesLight
2017-02-06,75,498,573,AngryBirdsSpaceLight
2017-02-03,4378,394,4772,rovio_3bb4586d
2017-02-03,69,106,175,abactionchina_49cba9cb
2017-02-03,2040,7008,9048,Crimson
2017-02-03,4180,12474,16654,AngryBirdsClassic
2017-02-03,180,1017,1197,Purple
2017-02-03,1389,4452,5841,BlueSteel
2017-02-03,2010,5012,7022,AngryBirdsStarWarsFull
2017-02-03,885,706,1591,toonstvkidoz_c161558
2017-02-03,2235,11728,13963,ChannelSmartTv
2017-02-03,874,2289,3163,Gold
2017-02-03,73,737,810,BadPiggiesLight
2017-02-03,4104,7391,11495,AngryBirdsSpaceFull
2017-02-03,734,451,1185,abactionchinaandroid_1d7ba513
2017-02-03,786,2414,3200,AngryBirdsSeasonsFull
2017-02-03,16,90,106,ChannelAngryBirdsRoost
2017-02-03,58,215,273,toonstvappletv_7c3cb333
2017-02-03,1514,4791,6305,BadPiggiesFull
2017-02-03,572,1323,1895,AngryBirdsClassicTalkweb
2017-02-03,4081,6546,10627,Abba
2017-02-03,5226,26132,31358,Toonstv
2017-02-03,764,5973,6737,AngryBirdsClassicLight
2017-02-03,4566,12261,16827,AngryBirdsRioFull
2017-02-03,526,1682,2208,toonstvmade4samsung_6d2a0fc4
2017-02-03,186,192,378,angrybirdsfortumo_7bf816e1
2017-02-03,18,35,53,tntgame_149fb4d3
2017-02-03,4780,357,5137,ChannelWeb
2017-02-03,103,731,834,purpleamazonfire_74641a18
2017-02-03,79,549,628,AngryBirdsSpaceLight
2017-02-03,199,443,642,PurpleChina
2017-02-03,1580,3374,4954,Yellow
2017-02-03,161,399,560,popcorn_7901fbf5
2017-02-03,224,1044,1268,AngryBirdsStarWarsLight
2017-02-03,83,866,949,badpiggiesodyssey_38481962
2017-02-03,311,2595,2906,ChannelRoku
2017-02-03,1316,3853,5169,AngryBirdsFriends
2017-02-03,,10,10,abbakunluniosgpchina_1fffd0c2
2017-02-03,201,673,874,Birdkeeper
2017-02-26,2386,6052,8438,AngryBirdsStarWarsFull
2017-02-26,309,1276,1585,AngryBirdsStarWarsLight
2017-02-26,128,157,285,angrybirdsfortumo_7bf816e1
2017-02-26,182,1148,1330,Purple
2017-02-26,4247,13363,17610,AngryBirdsRioFull
2017-02-26,4300,292,4592,ChannelWeb
2017-02-26,4437,1118,5555,rovio_3bb4586d
2017-02-26,846,2329,3175,Gold
2017-02-26,1582,6933,8515,Crimson
2017-02-26,1924,5579,7503,AngryBirdsSpaceFull
2017-02-26,57,281,338,toonstvappletv_7c3cb333
2017-02-26,290,846,1136,Birdkeeper
2017-02-26,1745,6071,7816,BadPiggiesFull
2017-02-26,4,1,5,abbafortumo_6df226f7
2017-02-26,1592,5484,7076,BlueSteel
2017-02-26,6642,30395,37037,Toonstv
2017-02-26,805,2797,3602,AngryBirdsSeasonsFull
2017-02-26,406,1198,1604,AngryBirdsClassicTalkweb
2017-02-26,15,96,111,ChannelAngryBirdsRoost
2017-02-26,182,491,673,popcorn_7901fbf5
2017-02-26,1,3,4,abbakunluniosgpchina_1fffd0c2
2017-02-26,5277,14106,19383,AngryBirdsClassic
2017-02-26,2600,13048,15648,ChannelSmartTv
2017-02-26,97,263,360,PurpleChina
2017-02-26,2063,641,2704,toonstvkidoz_c161558
2017-02-26,32,38,70,tntgame_149fb4d3
2017-02-26,5306,8201,13507,Abba
2017-02-26,101,991,1092,badpiggiesodyssey_38481962
2017-02-26,523,3461,3984,ChannelRoku
2017-02-26,734,1960,2694,toonstvmade4samsung_6d2a0fc4
2017-02-26,277,150,427,abactionchina_49cba9cb
2017-02-26,86,665,751,AngryBirdsSpaceLight
2017-02-26,127,778,905,purpleamazonfire_74641a18
2017-02-26,2165,4649,6814,Yellow
2017-02-26,1391,4206,5597,AngryBirdsFriends
2017-02-26,1078,7125,8203,AngryBirdsClassicLight
2017-02-26,84,929,1013,BadPiggiesLight
2017-02-26,462,321,783,abactionchinaandroid_1d7ba513
2017-02-26,132,1,133,spilgamesweb_4015b0ee
2017-02-10,143,377,520,PurpleChina
2017-02-10,4997,12274,17271,AngryBirdsRioFull
2017-02-10,38,225,263,toonstvappletv_7c3cb333
2017-02-10,2134,12006,14140,ChannelSmartTv
2017-02-10,51,74,125,abactionchina_49cba9cb
2017-02-10,1346,3937,5283,AngryBirdsFriends
2017-02-10,1061,2414,3475,Gold
2017-02-10,184,718,902,Birdkeeper
2017-02-10,451,1192,1643,AngryBirdsClassicTalkweb
2017-02-10,17,85,102,ChannelAngryBirdsRoost
2017-02-10,211,1026,1237,AngryBirdsStarWarsLight
2017-02-10,1536,5103,6639,BadPiggiesFull
2017-02-10,163,902,1065,Purple
2017-02-10,771,6051,6822,AngryBirdsClassicLight
2017-02-10,560,363,923,abactionchinaandroid_1d7ba513
2017-02-10,2296,7592,9888,Crimson
2017-02-10,96,855,951,badpiggiesodyssey_38481962
2017-02-10,7211,27693,34904,Toonstv
2017-02-10,70,715,785,BadPiggiesLight
2017-02-10,3798,6926,10724,AngryBirdsSpaceFull
2017-02-10,4616,12267,16883,AngryBirdsClassic
2017-02-10,5454,398,5852,ChannelWeb
2017-02-10,147,171,318,angrybirdsfortumo_7bf816e1
2017-02-10,3,1,4,toonsclientsdk_3f59016a
2017-02-10,2462,5116,7578,AngryBirdsStarWarsFull
2017-02-10,1421,4400,5821,BlueSteel
2017-02-10,72,573,645,AngryBirdsSpaceLight
2017-02-10,171,442,613,popcorn_7901fbf5
2017-02-10,6977,9098,16075,Abba
2017-02-10,950,2410,3360,AngryBirdsSeasonsFull
2017-02-10,492,1703,2195,toonstvmade4samsung_6d2a0fc4
2017-02-10,319,2790,3109,ChannelRoku
2017-02-10,693,610,1303,toonstvkidoz_c161558
2017-02-10,1892,3720,5612,Yellow
2017-02-10,,1,1,toonstvsocialmobile_3c7ae0d6
2017-02-10,26,44,70,tntgame_149fb4d3
2017-02-10,,6,6,abbakunluniosgpchina_1fffd0c2
2017-02-10,107,749,856,purpleamazonfire_74641a18
2017-02-10,4566,938,5504,rovio_3bb4586d
2017-01-05,675,2363,3038,AngryBirdsSeasonsFull
2017-01-05,57,197,254,PurpleChina
2017-01-05,6680,24642,31322,Toonstv
2017-01-05,1314,3450,4764,BlueSteel
2017-01-05,4433,342,4775,ChannelWeb
2017-01-05,715,180,895,toonstvkidoz_c161558
2017-01-05,796,5906,6702,AngryBirdsClassicLight
2017-01-05,91,696,787,BadPiggiesLight
2017-01-05,2173,4949,7122,AngryBirdsStarWarsFull
2017-01-05,159,953,1112,Purple
2017-01-05,25,32,57,tntgame_149fb4d3
2017-01-05,1126,2462,3588,Gold
2017-01-05,191,631,822,Birdkeeper
2017-01-05,1682,3379,5061,Yellow
2017-01-05,253,841,1094,AngryBirdsClassicTalkweb
2017-01-05,3248,5437,8685,AngryBirdsSpaceFull
2017-01-05,3089,115,3204,rovio_3bb4586d
2017-01-05,46,215,261,toonstvappletv_7c3cb333
2017-01-05,4166,6102,10268,Abba
2017-01-05,5496,11563,17059,AngryBirdsRioFull
2017-01-05,84,590,674,AngryBirdsSpaceLight
2017-01-05,247,211,458,angrybirdsfortumo_7bf816e1
2017-01-05,5529,13004,18533,AngryBirdsClassic
2017-01-05,2195,6447,8642,Crimson
2017-01-05,591,1324,1915,toonstvmade4samsung_6d2a0fc4
2017-01-05,3249,10956,14205,ChannelSmartTv
2017-01-05,351,2500,2851,ChannelRoku
2017-01-05,39,57,96,abactionchina_49cba9cb
2017-01-05,1674,4780,6454,BadPiggiesFull
2017-01-05,145,605,750,purpleamazonfire_74641a18
2017-01-05,15,86,101,ChannelAngryBirdsRoost
2017-01-05,1345,3352,4697,AngryBirdsFriends
2017-01-05,1,2,3,abbakunluniosgpchina_1fffd0c2
2017-01-05,194,398,592,popcorn_7901fbf5
2017-01-05,124,693,817,badpiggiesodyssey_38481962
2017-01-05,233,236,469,abactionchinaandroid_1d7ba513
2017-01-05,291,1113,1404,AngryBirdsStarWarsLight
2017-01-14,,2,2,abbakunluniosgpchina_1fffd0c2
2017-01-14,200,1269,1469,Purple
2017-01-14,1581,4478,6059,AngryBirdsFriends
2017-01-14,4327,7408,11735,AngryBirdsSpaceFull
2017-01-14,943,3006,3949,AngryBirdsSeasonsFull
2017-01-14,1591,3379,4970,Gold
2017-01-14,22,31,53,tntgame_149fb4d3
2017-01-14,253,567,820,popcorn_7901fbf5
2017-01-14,7305,16675,23980,AngryBirdsClassic
2017-01-14,5772,329,6101,ChannelWeb
2017-01-14,6029,8026,14055,Abba
2017-01-14,70,81,151,abactionchina_49cba9cb
2017-01-14,2034,6106,8140,BadPiggiesFull
2017-01-14,2915,6428,9343,AngryBirdsStarWarsFull
2017-01-14,8626,29970,38596,Toonstv
2017-01-14,3478,13024,16502,ChannelSmartTv
2017-01-14,146,380,526,PurpleChina
2017-01-14,25,110,135,ChannelAngryBirdsRoost
2017-01-14,235,681,916,Birdkeeper
2017-01-14,98,758,856,AngryBirdsSpaceLight
2017-01-14,4806,135,4941,rovio_3bb4586d
2017-01-14,1233,7798,9031,AngryBirdsClassicLight
2017-01-14,481,3528,4009,ChannelRoku
2017-01-14,2578,4846,7424,Yellow
2017-01-14,760,1844,2604,toonstvmade4samsung_6d2a0fc4
2017-01-14,183,1003,1186,badpiggiesodyssey_38481962
2017-01-14,6634,14812,21446,AngryBirdsRioFull
2017-01-14,1719,4932,6651,BlueSteel
2017-01-14,78,304,382,toonstvappletv_7c3cb333
2017-01-14,3281,9174,12455,Crimson
2017-01-14,452,1170,1622,AngryBirdsClassicTalkweb
2017-01-14,103,991,1094,BadPiggiesLight
2017-01-14,425,331,756,angrybirdsfortumo_7bf816e1
2017-01-14,1597,421,2018,toonstvkidoz_c161558
2017-01-14,242,834,1076,purpleamazonfire_74641a18
2017-01-14,527,353,880,abactionchinaandroid_1d7ba513
2017-01-14,412,1471,1883,AngryBirdsStarWarsLight
2017-02-05,130,1113,1243,badpiggiesodyssey_38481962
2017-02-05,2927,12497,15424,ChannelSmartTv
2017-02-05,1581,749,2330,toonstvkidoz_c161558
2017-02-05,5878,8372,14250,Abba
2017-02-05,5280,336,5616,ChannelWeb
2017-02-05,603,1282,1885,AngryBirdsClassicTalkweb
2017-02-05,1067,7230,8297,AngryBirdsClassicLight
2017-02-05,499,3642,4141,ChannelRoku
2017-02-05,2906,9128,12034,Crimson
2017-02-05,2595,6180,8775,AngryBirdsStarWarsFull
2017-02-05,214,825,1039,Birdkeeper
2017-02-05,192,1215,1407,Purple
2017-02-05,4718,8824,13542,AngryBirdsSpaceFull
2017-02-05,179,423,602,PurpleChina
2017-02-05,818,445,1263,abactionchinaandroid_1d7ba513
2017-02-05,4803,653,5456,rovio_3bb4586d
2017-02-05,1692,4636,6328,BlueSteel
2017-02-05,315,1355,1670,AngryBirdsStarWarsLight
2017-02-05,1549,4990,6539,AngryBirdsFriends
2017-02-05,1319,3151,4470,Gold
2017-02-05,14,113,127,ChannelAngryBirdsRoost
2017-02-05,56,283,339,toonstvappletv_7c3cb333
2017-02-05,933,3011,3944,AngryBirdsSeasonsFull
2017-02-05,5508,15590,21098,AngryBirdsClassic
2017-02-05,181,870,1051,purpleamazonfire_74641a18
2017-02-05,89,674,763,AngryBirdsSpaceLight
2017-02-05,712,2056,2768,toonstvmade4samsung_6d2a0fc4
2017-02-05,2,1,3,abbafortumo_6df226f7
2017-02-05,297,220,517,angrybirdsfortumo_7bf816e1
2017-02-05,2311,4629,6940,Yellow
2017-02-05,1996,6067,8063,BadPiggiesFull
2017-02-05,6181,29548,35729,Toonstv
2017-02-05,55,105,160,abactionchina_49cba9cb
2017-02-05,223,494,717,popcorn_7901fbf5
2017-02-05,6026,14735,20761,AngryBirdsRioFull
2017-02-05,26,31,57,tntgame_149fb4d3
2017-02-05,101,973,1074,BadPiggiesLight
2017-02-05,3,5,8,abbakunluniosgpchina_1fffd0c2
2017-02-12,1454,3135,4589,Gold
2017-02-12,709,2038,2747,toonstvmade4samsung_6d2a0fc4
2017-02-12,132,311,443,PurpleChina
2017-02-12,140,1084,1224,badpiggiesodyssey_38481962
2017-02-12,186,734,920,Birdkeeper
2017-02-12,6108,15035,21143,AngryBirdsClassic
2017-02-12,5452,333,5785,ChannelWeb
2017-02-12,2752,4968,7720,Yellow
2017-02-12,157,827,984,purpleamazonfire_74641a18
2017-02-12,28,105,133,ChannelAngryBirdsRoost
2017-02-12,1780,4668,6448,AngryBirdsFriends
2017-02-12,4859,8321,13180,AngryBirdsSpaceFull
2017-02-12,8746,32163,40909,Toonstv
2017-02-12,3266,9180,12446,Crimson
2017-02-12,261,573,834,popcorn_7901fbf5
2017-02-12,1704,5330,7034,BlueSteel
2017-02-12,1110,7396,8506,AngryBirdsClassicLight
2017-02-12,1005,753,1758,toonstvkidoz_c161558
2017-02-12,45,32,77,tntgame_149fb4d3
2017-02-12,9031,10854,19885,Abba
2017-02-12,3125,6259,9384,AngryBirdsStarWarsFull
2017-02-12,2683,12810,15493,ChannelSmartTv
2017-02-12,2050,6345,8395,BadPiggiesFull
2017-02-12,84,674,758,AngryBirdsSpaceLight
2017-02-12,1011,2825,3836,AngryBirdsSeasonsFull
2017-02-12,192,1187,1379,Purple
2017-02-12,337,1351,1688,AngryBirdsStarWarsLight
2017-02-12,6734,14642,21376,AngryBirdsRioFull
2017-02-12,,8,8,abbakunluniosgpchina_1fffd0c2
2017-02-12,39,69,108,abactionchina_49cba9cb
2017-02-12,68,286,354,toonstvappletv_7c3cb333
2017-02-12,506,3425,3931,ChannelRoku
2017-02-12,407,1114,1521,AngryBirdsClassicTalkweb
2017-02-12,2,1,3,abbafortumo_6df226f7
2017-02-12,124,932,1056,BadPiggiesLight
2017-02-12,200,203,403,angrybirdsfortumo_7bf816e1
2017-02-12,490,331,821,abactionchinaandroid_1d7ba513
2017-02-12,5452,1073,6525,rovio_3bb4586d
2017-01-09,1172,3293,4465,AngryBirdsFriends
2017-01-09,1936,4550,6486,AngryBirdsStarWarsFull
2017-01-09,4302,327,4629,ChannelWeb
2017-01-09,2875,10643,13518,ChannelSmartTv
2017-01-09,976,2247,3223,Gold
2017-01-09,,5,5,abbakunluniosgpchina_1fffd0c2
2017-01-09,1514,3207,4721,Yellow
2017-01-09,752,5491,6243,AngryBirdsClassicLight
2017-01-09,689,1576,2265,toonstvmade4samsung_6d2a0fc4
2017-01-09,2856,100,2956,rovio_3bb4586d
2017-01-09,285,917,1202,AngryBirdsClassicTalkweb
2017-01-09,2042,6438,8480,Crimson
2017-01-09,102,687,789,badpiggiesodyssey_38481962
2017-01-09,1405,4453,5858,BadPiggiesFull
2017-01-09,5577,23564,29141,Toonstv
2017-01-09,137,917,1054,Purple
2017-01-09,313,250,563,angrybirdsfortumo_7bf816e1
2017-01-09,9,28,37,tntgame_149fb4d3
2017-01-09,72,241,313,PurpleChina
2017-01-09,3823,5713,9536,Abba
2017-01-09,4880,10713,15593,AngryBirdsRioFull
2017-01-09,1116,3243,4359,BlueSteel
2017-01-09,65,507,572,AngryBirdsSpaceLight
2017-01-09,27,69,96,abactionchina_49cba9cb
2017-01-09,167,384,551,popcorn_7901fbf5
2017-01-09,51,182,233,toonstvappletv_7c3cb333
2017-01-09,3052,5279,8331,AngryBirdsSpaceFull
2017-01-09,655,2309,2964,AngryBirdsSeasonsFull
2017-01-09,20,69,89,ChannelAngryBirdsRoost
2017-01-09,915,260,1175,toonstvkidoz_c161558
2017-01-09,2,2,4,abbafortumo_6df226f7
2017-01-09,151,601,752,purpleamazonfire_74641a18
2017-01-09,5014,12214,17228,AngryBirdsClassic
2017-01-09,235,1018,1253,AngryBirdsStarWarsLight
2017-01-09,62,612,674,BadPiggiesLight
2017-01-09,175,563,738,Birdkeeper
2017-01-09,337,2407,2744,ChannelRoku
2017-01-09,340,229,569,abactionchinaandroid_1d7ba513
2017-02-09,4920,362,5282,ChannelWeb
2017-02-09,5624,24703,30327,Toonstv
2017-02-09,950,2320,3270,Gold
2017-02-09,880,749,1629,toonstvkidoz_c161558
2017-02-09,3259,6512,9771,AngryBirdsSpaceFull
2017-02-09,1348,4456,5804,BlueSteel
2017-02-09,2076,4831,6907,AngryBirdsStarWarsFull
2017-02-09,121,766,887,purpleamazonfire_74641a18
2017-02-09,37,187,224,toonstvappletv_7c3cb333
2017-02-09,483,1765,2248,toonstvmade4samsung_6d2a0fc4
2017-02-09,4106,11628,15734,AngryBirdsClassic
2017-02-09,1549,3362,4911,Yellow
2017-02-09,4524,884,5408,rovio_3bb4586d
2017-02-09,2015,6819,8834,Crimson
2017-02-09,71,514,585,AngryBirdsSpaceLight
2017-02-09,177,651,828,Birdkeeper
2017-02-09,1192,3798,4990,AngryBirdsFriends
2017-02-09,2015,10847,12862,ChannelSmartTv
2017-02-09,176,418,594,PurpleChina
2017-02-09,21,31,52,tntgame_149fb4d3
2017-02-09,144,831,975,Purple
2017-02-09,691,5590,6281,AngryBirdsClassicLight
2017-02-09,145,368,513,popcorn_7901fbf5
2017-02-09,92,877,969,badpiggiesodyssey_38481962
2017-02-09,144,154,298,angrybirdsfortumo_7bf816e1
2017-02-09,917,2437,3354,AngryBirdsSeasonsFull
2017-02-09,1295,4607,5902,BadPiggiesFull
2017-02-09,4613,11533,16146,AngryBirdsRioFull
2017-02-09,512,1341,1853,AngryBirdsClassicTalkweb
2017-02-09,308,2813,3121,ChannelRoku
2017-02-09,5033,7597,12630,Abba
2017-02-09,62,75,137,abactionchina_49cba9cb
2017-02-09,56,666,722,BadPiggiesLight
2017-02-09,1,1,2,toonsclientsdk_3f59016a
2017-02-09,187,921,1108,AngryBirdsStarWarsLight
2017-02-09,6,79,85,ChannelAngryBirdsRoost
2017-02-09,608,397,1005,abactionchinaandroid_1d7ba513
2017-02-09,1,6,7,abbakunluniosgpchina_1fffd0c2
2017-01-04,254,233,487,abactionchinaandroid_1d7ba513
2017-01-04,1402,3802,5204,BlueSteel
2017-01-04,3164,99,3263,rovio_3bb4586d
2017-01-04,3156,5644,8800,AngryBirdsSpaceFull
2017-01-04,5121,11591,16712,AngryBirdsRioFull
2017-01-04,4317,285,4602,ChannelWeb
2017-01-04,45,35,80,tntgame_149fb4d3
2017-01-04,3253,10818,14071,ChannelSmartTv
2017-01-04,35,51,86,abactionchina_49cba9cb
2017-01-04,,1,1,silver_3ddc7ced
2017-01-04,163,391,554,popcorn_7901fbf5
2017-01-04,1563,4672,6235,BadPiggiesFull
2017-01-04,4247,5937,10184,Abba
2017-01-04,361,156,517,toonstvkidoz_c161558
2017-01-04,1751,3330,5081,Yellow
2017-01-04,5443,13193,18636,AngryBirdsClassic
2017-01-04,71,722,793,BadPiggiesLight
2017-01-04,149,993,1142,Purple
2017-01-04,656,2306,2962,AngryBirdsSeasonsFull
2017-01-04,2129,6281,8410,Crimson
2017-01-04,59,546,605,AngryBirdsSpaceLight
2017-01-04,1351,3411,4762,AngryBirdsFriends
2017-01-04,282,222,504,angrybirdsfortumo_7bf816e1
2017-01-04,281,1109,1390,AngryBirdsStarWarsLight
2017-01-04,733,5796,6529,AngryBirdsClassicLight
2017-01-04,190,621,811,Birdkeeper
2017-01-04,102,698,800,badpiggiesodyssey_38481962
2017-01-04,2122,4872,6994,AngryBirdsStarWarsFull
2017-01-04,1,1,2,abbafortumo_6df226f7
2017-01-04,145,602,747,purpleamazonfire_74641a18
2017-01-04,6777,24360,31137,Toonstv
2017-01-04,58,207,265,toonstvappletv_7c3cb333
2017-01-04,,1,1,abbakunluniosgpchina_1fffd0c2
2017-01-04,1249,2384,3633,Gold
2017-01-04,347,2615,2962,ChannelRoku
2017-01-04,527,1229,1756,toonstvmade4samsung_6d2a0fc4
2017-01-04,56,176,232,PurpleChina
2017-01-04,263,857,1120,AngryBirdsClassicTalkweb
2017-01-04,19,73,92,ChannelAngryBirdsRoost
2017-02-20,1254,4961,6215,BadPiggiesFull
2017-02-20,5146,7270,12416,Abba
2017-02-20,23,25,48,tntgame_149fb4d3
2017-02-20,1699,10877,12576,ChannelSmartTv
2017-02-20,3695,284,3979,ChannelWeb
2017-02-20,4973,25564,30537,Toonstv
2017-02-20,71,793,864,BadPiggiesLight
2017-02-20,1649,4782,6431,AngryBirdsStarWarsFull
2017-02-20,60,541,601,AngryBirdsSpaceLight
2017-02-20,3416,11405,14821,AngryBirdsClassic
2017-02-20,19,32,51,abactionchina_49cba9cb
2017-02-20,1399,6482,7881,Crimson
2017-02-20,1011,4152,5163,BlueSteel
2017-02-20,595,264,859,toonstvkidoz_c161558
2017-02-20,132,884,1016,Purple
2017-02-20,13,49,62,ChannelAngryBirdsRoost
2017-02-20,862,2365,3227,Gold
2017-02-20,232,792,1024,AngryBirdsClassicTalkweb
2017-02-20,745,5877,6622,AngryBirdsClassicLight
2017-02-20,3118,11360,14478,AngryBirdsRioFull
2017-02-20,3658,919,4577,rovio_3bb4586d
2017-02-20,2,3,5,spilgames_64ada0f8
2017-02-20,2877,6802,9679,AngryBirdsSpaceFull
2017-02-20,439,3317,3756,ChannelRoku
2017-02-20,580,2407,2987,AngryBirdsSeasonsFull
2017-02-20,569,1782,2351,toonstvmade4samsung_6d2a0fc4
2017-02-20,47,230,277,toonstvappletv_7c3cb333
2017-02-20,,4,4,abbakunluniosgpchina_1fffd0c2
2017-02-20,142,370,512,popcorn_7901fbf5
2017-02-20,191,705,896,Birdkeeper
2017-02-20,105,976,1081,badpiggiesodyssey_38481962
2017-02-20,72,196,268,PurpleChina
2017-02-20,1144,3575,4719,AngryBirdsFriends
2017-02-20,97,853,950,purpleamazonfire_74641a18
2017-02-20,1472,3831,5303,Yellow
2017-02-20,5,1,6,abbafortumo_6df226f7
2017-02-20,171,1080,1251,AngryBirdsStarWarsLight
2017-02-20,189,188,377,abactionchinaandroid_1d7ba513
2017-02-20,145,169,314,angrybirdsfortumo_7bf816e1
2017-02-24,906,2232,3138,Gold
2017-02-24,3947,1059,5006,rovio_3bb4586d
2017-02-24,1266,5666,6932,Crimson
2017-02-24,184,425,609,popcorn_7901fbf5
2017-02-24,157,920,1077,Purple
2017-02-24,2139,12054,14193,ChannelSmartTv
2017-02-24,653,2379,3032,AngryBirdsSeasonsFull
2017-02-24,78,172,250,PurpleChina
2017-02-24,4192,294,4486,ChannelWeb
2017-02-24,,6,6,abbakunluniosgpchina_1fffd0c2
2017-02-24,1127,3510,4637,AngryBirdsFriends
2017-02-24,317,2845,3162,ChannelRoku
2017-02-24,1169,4194,5363,BlueSteel
2017-02-24,74,745,819,BadPiggiesLight
2017-02-24,2011,5123,7134,AngryBirdsStarWarsFull
2017-02-24,13,78,91,ChannelAngryBirdsRoost
2017-02-24,241,760,1001,Birdkeeper
2017-02-24,3980,11744,15724,AngryBirdsClassic
2017-02-24,695,6036,6731,AngryBirdsClassicLight
2017-02-24,1679,3739,5418,Yellow
2017-02-24,560,1716,2276,toonstvmade4samsung_6d2a0fc4
2017-02-24,29,26,55,tntgame_149fb4d3
2017-02-24,137,169,306,angrybirdsfortumo_7bf816e1
2017-02-24,190,92,282,abactionchina_49cba9cb
2017-02-24,1700,5032,6732,AngryBirdsSpaceFull
2017-02-24,5290,28281,33571,Toonstv
2017-02-24,5012,7018,12030,Abba
2017-02-24,44,234,278,toonstvappletv_7c3cb333
2017-02-24,3492,11429,14921,AngryBirdsRioFull
2017-02-24,293,225,518,abactionchinaandroid_1d7ba513
2017-02-24,1433,5004,6437,BadPiggiesFull
2017-02-24,58,531,589,AngryBirdsSpaceLight
2017-02-24,89,838,927,badpiggiesodyssey_38481962
2017-02-24,1931,448,2379,toonstvkidoz_c161558
2017-02-24,93,660,753,purpleamazonfire_74641a18
2017-02-24,262,879,1141,AngryBirdsClassicTalkweb
2017-02-24,211,1111,1322,AngryBirdsStarWarsLight
2017-01-11,2561,10723,13284,ChannelSmartTv
2017-01-11,216,955,1171,AngryBirdsStarWarsLight
2017-01-11,1290,4063,5353,BadPiggiesFull
2017-01-11,143,597,740,purpleamazonfire_74641a18
2017-01-11,15,29,44,tntgame_149fb4d3
2017-01-11,284,244,528,angrybirdsfortumo_7bf816e1
2017-01-11,52,589,641,BadPiggiesLight
2017-01-11,4413,11657,16070,AngryBirdsClassic
2017-01-11,657,5428,6085,AngryBirdsClassicLight
2017-01-11,4367,10270,14637,AngryBirdsRioFull
2017-01-11,1791,4257,6048,AngryBirdsStarWarsFull
2017-01-11,635,2191,2826,AngryBirdsSeasonsFull
2017-01-11,1160,3212,4372,AngryBirdsFriends
2017-01-11,96,293,389,PurpleChina
2017-01-11,4186,324,4510,ChannelWeb
2017-01-11,1961,6010,7971,Crimson
2017-01-11,57,479,536,AngryBirdsSpaceLight
2017-01-11,1105,3289,4394,BlueSteel
2017-01-11,323,950,1273,AngryBirdsClassicTalkweb
2017-01-11,2734,5193,7927,AngryBirdsSpaceFull
2017-01-11,122,849,971,Purple
2017-01-11,2849,85,2934,rovio_3bb4586d
2017-01-11,11,71,82,ChannelAngryBirdsRoost
2017-01-11,93,712,805,badpiggiesodyssey_38481962
2017-01-11,140,345,485,popcorn_7901fbf5
2017-01-11,1212,318,1530,toonstvkidoz_c161558
2017-01-11,1359,2933,4292,Yellow
2017-01-11,542,1446,1988,toonstvmade4samsung_6d2a0fc4
2017-01-11,3684,5351,9035,Abba
2017-01-11,423,262,685,abactionchinaandroid_1d7ba513
2017-01-11,1,4,5,abbakunluniosgpchina_1fffd0c2
2017-01-11,5071,22236,27307,Toonstv
2017-01-11,885,2122,3007,Gold
2017-01-11,37,62,99,abactionchina_49cba9cb
2017-01-11,40,185,225,toonstvappletv_7c3cb333
2017-01-11,262,2454,2716,ChannelRoku
2017-01-11,176,546,722,Birdkeeper
2017-01-16,871,2644,3515,AngryBirdsSeasonsFull
2017-01-16,802,6190,6992,AngryBirdsClassicLight
2017-01-16,4579,168,4747,rovio_3bb4586d
2017-01-16,10,15,25,tntgame_149fb4d3
2017-01-16,2052,3973,6025,Yellow
2017-01-16,2361,10815,13176,ChannelSmartTv
2017-01-16,5459,12330,17789,AngryBirdsRioFull
2017-01-16,713,1766,2479,toonstvmade4samsung_6d2a0fc4
2017-01-16,1490,606,2096,toonstvkidoz_c161558
2017-01-16,19,54,73,ChannelAngryBirdsRoost
2017-01-16,152,380,532,PurpleChina
2017-01-16,435,1152,1587,AngryBirdsClassicTalkweb
2017-01-16,181,409,590,popcorn_7901fbf5
2017-01-16,15,1,16,toonsclientsdk_3f59016a
2017-01-16,1,6,7,abbakunluniosgpchina_1fffd0c2
2017-01-16,82,762,844,BadPiggiesLight
2017-01-16,2321,5377,7698,AngryBirdsStarWarsFull
2017-01-16,5271,6555,11826,Abba
2017-01-16,1417,4189,5606,BlueSteel
2017-01-16,256,231,487,angrybirdsfortumo_7bf816e1
2017-01-16,164,985,1149,badpiggiesodyssey_38481962
2017-01-16,6356,25238,31594,Toonstv
2017-01-16,2666,8237,10903,Crimson
2017-01-16,5280,350,5630,ChannelWeb
2017-01-16,588,330,918,abactionchinaandroid_1d7ba513
2017-01-16,2,1,3,abbafortumo_6df226f7
2017-01-16,392,3287,3679,ChannelRoku
2017-01-16,72,72,144,abactionchina_49cba9cb
2017-01-16,3742,6231,9973,AngryBirdsSpaceFull
2017-01-16,283,1164,1447,AngryBirdsStarWarsLight
2017-01-16,36,195,231,toonstvappletv_7c3cb333
2017-01-16,173,1002,1175,Purple
2017-01-16,200,772,972,purpleamazonfire_74641a18
2017-01-16,6120,13942,20062,AngryBirdsClassic
2017-01-16,1615,5203,6818,BadPiggiesFull
2017-01-16,1286,3857,5143,AngryBirdsFriends
2017-01-16,1244,2900,4144,Gold
2017-01-16,194,624,818,Birdkeeper
2017-01-16,83,522,605,AngryBirdsSpaceLight
2017-01-18,1186,3570,4756,BlueSteel
2017-01-18,1994,4611,6605,AngryBirdsStarWarsFull
2017-01-18,181,368,549,popcorn_7901fbf5
2017-01-18,485,1222,1707,AngryBirdsClassicTalkweb
2017-01-18,136,351,487,PurpleChina
2017-01-18,4607,353,4960,ChannelWeb
2017-01-18,7,79,86,ChannelAngryBirdsRoost
2017-01-18,92,748,840,badpiggiesodyssey_38481962
2017-01-18,167,554,721,Birdkeeper
2017-01-18,4102,180,4282,rovio_3bb4586d
2017-01-18,3003,5269,8272,AngryBirdsSpaceFull
2017-01-18,915,2118,3033,Gold
2017-01-18,283,2488,2771,ChannelRoku
2017-01-18,139,869,1008,Purple
2017-01-18,14,17,31,tntgame_149fb4d3
2017-01-18,1977,6469,8446,Crimson
2017-01-18,1138,3267,4405,AngryBirdsFriends
2017-01-18,4324,5827,10151,Abba
2017-01-18,5159,12315,17474,AngryBirdsClassic
2017-01-18,47,197,244,toonstvappletv_7c3cb333
2017-01-18,683,5428,6111,AngryBirdsClassicLight
2017-01-18,249,215,464,angrybirdsfortumo_7bf816e1
2017-01-18,1350,4345,5695,BadPiggiesFull
2017-01-18,4849,10776,15625,AngryBirdsRioFull
2017-01-18,5411,23764,29175,Toonstv
2017-01-18,491,1522,2013,toonstvmade4samsung_6d2a0fc4
2017-01-18,55,80,135,abactionchina_49cba9cb
2017-01-18,2298,10839,13137,ChannelSmartTv
2017-01-18,809,2250,3059,AngryBirdsSeasonsFull
2017-01-18,1544,3168,4712,Yellow
2017-01-18,67,539,606,AngryBirdsSpaceLight
2017-01-18,46,585,631,BadPiggiesLight
2017-01-18,528,356,884,abactionchinaandroid_1d7ba513
2017-01-18,201,994,1195,AngryBirdsStarWarsLight
2017-01-18,1070,632,1702,toonstvkidoz_c161558
2017-01-18,,1,1,toonsclientsdk_3f59016a
2017-01-18,121,641,762,purpleamazonfire_74641a18
2017-01-18,1,12,13,abbakunluniosgpchina_1fffd0c2
2017-01-22,6560,15082,21642,AngryBirdsRioFull
2017-01-22,1781,5381,7162,BlueSteel
2017-01-22,20,96,116,ChannelAngryBirdsRoost
2017-01-22,7582,30435,38017,Toonstv
2017-01-22,1479,3336,4815,Gold
2017-01-22,229,785,1014,Birdkeeper
2017-01-22,14,28,42,tntgame_149fb4d3
2017-01-22,7141,16800,23941,AngryBirdsClassic
2017-01-22,3466,9742,13208,Crimson
2017-01-22,574,310,884,abactionchinaandroid_1d7ba513
2017-01-22,2872,12944,15816,ChannelSmartTv
2017-01-22,212,1230,1442,Purple
2017-01-22,12567,10889,23456,AngryBirdsSpaceFull
2017-01-22,7137,8577,15714,Abba
2017-01-22,2038,6177,8215,BadPiggiesFull
2017-01-22,1600,4583,6183,AngryBirdsFriends
2017-01-22,758,2041,2799,toonstvmade4samsung_6d2a0fc4
2017-01-22,1153,7639,8792,AngryBirdsClassicLight
2017-01-22,6572,378,6950,ChannelWeb
2017-01-22,408,1439,1847,AngryBirdsStarWarsLight
2017-01-22,174,1069,1243,badpiggiesodyssey_38481962
2017-01-22,4105,147,4252,rovio_3bb4586d
2017-01-22,266,565,831,popcorn_7901fbf5
2017-01-22,67,280,347,toonstvappletv_7c3cb333
2017-01-22,304,263,567,angrybirdsfortumo_7bf816e1
2017-01-22,102,679,781,AngryBirdsSpaceLight
2017-01-22,67,89,156,abactionchina_49cba9cb
2017-01-22,2627,5004,7631,Yellow
2017-01-22,108,999,1107,BadPiggiesLight
2017-01-22,2864,6485,9349,AngryBirdsStarWarsFull
2017-01-22,1041,3183,4224,AngryBirdsSeasonsFull
2017-01-22,1,9,10,abbakunluniosgpchina_1fffd0c2
2017-01-22,561,1279,1840,AngryBirdsClassicTalkweb
2017-01-22,503,3599,4102,ChannelRoku
2017-01-22,177,380,557,PurpleChina
2017-01-22,215,839,1054,purpleamazonfire_74641a18
2017-01-22,1072,587,1659,toonstvkidoz_c161558
2017-01-25,77,779,856,badpiggiesodyssey_38481962
2017-01-25,4932,12539,17471,AngryBirdsClassic
2017-01-25,198,592,790,Birdkeeper
2017-01-25,1378,4361,5739,BadPiggiesFull
2017-01-25,675,5455,6130,AngryBirdsClassicLight
2017-01-25,1,9,10,abbakunluniosgpchina_1fffd0c2
2017-01-25,237,215,452,angrybirdsfortumo_7bf816e1
2017-01-25,2284,11505,13789,ChannelSmartTv
2017-01-25,961,2161,3122,Gold
2017-01-25,3054,139,3193,rovio_3bb4586d
2017-01-25,8641,8600,17241,AngryBirdsSpaceFull
2017-01-25,5050,387,5437,ChannelWeb
2017-01-25,22,69,91,ChannelAngryBirdsRoost
2017-01-25,158,355,513,popcorn_7901fbf5
2017-01-25,2054,4822,6876,AngryBirdsStarWarsFull
2017-01-25,1142,3300,4442,AngryBirdsFriends
2017-01-25,161,921,1082,Purple
2017-01-25,4528,6089,10617,Abba
2017-01-25,902,713,1615,toonstvkidoz_c161558
2017-01-25,561,1286,1847,AngryBirdsClassicTalkweb
2017-01-25,68,627,695,BadPiggiesLight
2017-01-25,4791,11259,16050,AngryBirdsRioFull
2017-01-25,5365,24873,30238,Toonstv
2017-01-25,278,2466,2744,ChannelRoku
2017-01-25,183,390,573,PurpleChina
2017-01-25,116,606,722,purpleamazonfire_74641a18
2017-01-25,1281,3990,5271,BlueSteel
2017-01-25,435,1565,2000,toonstvmade4samsung_6d2a0fc4
2017-01-25,12,18,30,tntgame_149fb4d3
2017-01-25,918,2281,3199,AngryBirdsSeasonsFull
2017-01-25,1558,3175,4733,Yellow
2017-01-25,2055,6633,8688,Crimson
2017-01-25,35,216,251,toonstvappletv_7c3cb333
2017-01-25,181,966,1147,AngryBirdsStarWarsLight
2017-01-25,67,521,588,AngryBirdsSpaceLight
2017-01-25,709,364,1073,abactionchinaandroid_1d7ba513
2017-01-25,75,116,191,abactionchina_49cba9cb
2017-02-13,3965,291,4256,ChannelWeb
2017-02-13,3522,6347,9869,AngryBirdsSpaceFull
2017-02-13,4,3,7,abbafortumo_6df226f7
2017-02-13,895,1936,2831,Gold
2017-02-13,144,556,700,Birdkeeper
2017-02-13,26,30,56,tntgame_149fb4d3
2017-02-13,188,986,1174,AngryBirdsStarWarsLight
2017-02-13,4927,11225,16152,AngryBirdsRioFull
2017-02-13,764,693,1457,toonstvkidoz_c161558
2017-02-13,2036,4507,6543,AngryBirdsStarWarsFull
2017-02-13,33,204,237,toonstvappletv_7c3cb333
2017-02-13,7516,7848,15364,Abba
2017-02-13,2014,6530,8544,Crimson
2017-02-13,1318,3716,5034,AngryBirdsFriends
2017-02-13,630,5481,6111,AngryBirdsClassicLight
2017-02-13,4107,10833,14940,AngryBirdsClassic
2017-02-13,117,654,771,purpleamazonfire_74641a18
2017-02-13,1345,4570,5915,BadPiggiesFull
2017-02-13,2,4,6,abbakunluniosgpchina_1fffd0c2
2017-02-13,4283,878,5161,rovio_3bb4586d
2017-02-13,1003,3711,4714,BlueSteel
2017-02-13,458,1707,2165,toonstvmade4samsung_6d2a0fc4
2017-02-13,89,223,312,PurpleChina
2017-02-13,5920,25520,31440,Toonstv
2017-02-13,128,788,916,Purple
2017-02-13,1761,10527,12288,ChannelSmartTv
2017-02-13,165,423,588,popcorn_7901fbf5
2017-02-13,1679,3391,5070,Yellow
2017-02-13,695,2054,2749,AngryBirdsSeasonsFull
2017-02-13,73,655,728,BadPiggiesLight
2017-02-13,74,463,537,AngryBirdsSpaceLight
2017-02-13,7,85,92,ChannelAngryBirdsRoost
2017-02-13,325,225,550,abactionchinaandroid_1d7ba513
2017-02-13,35,40,75,abactionchina_49cba9cb
2017-02-13,137,166,303,angrybirdsfortumo_7bf816e1
2017-02-13,267,805,1072,AngryBirdsClassicTalkweb
2017-02-13,305,2698,3003,ChannelRoku
2017-02-13,100,794,894,badpiggiesodyssey_38481962
2017-02-04,1259,3068,4327,Gold
2017-02-04,16,121,137,ChannelAngryBirdsRoost
2017-02-04,200,528,728,popcorn_7901fbf5
2017-02-04,1644,4935,6579,AngryBirdsFriends
2017-02-04,3006,9472,12478,Crimson
2017-02-04,509,1288,1797,AngryBirdsClassicTalkweb
2017-02-04,77,106,183,abactionchina_49cba9cb
2017-02-04,5323,347,5670,ChannelWeb
2017-02-04,1128,7751,8879,AngryBirdsClassicLight
2017-02-04,926,3018,3944,AngryBirdsSeasonsFull
2017-02-04,167,1126,1293,badpiggiesodyssey_38481962
2017-02-04,202,408,610,PurpleChina
2017-02-04,1715,5325,7040,BlueSteel
2017-02-04,229,1315,1544,Purple
2017-02-04,5682,15670,21352,AngryBirdsClassic
2017-02-04,,8,8,abbakunluniosgpchina_1fffd0c2
2017-02-04,1175,785,1960,toonstvkidoz_c161558
2017-02-04,,1,1,abbafortumo_6df226f7
2017-02-04,5972,15401,21373,AngryBirdsRioFull
2017-02-04,5690,8626,14316,Abba
2017-02-04,2628,6412,9040,AngryBirdsStarWarsFull
2017-02-04,102,689,791,AngryBirdsSpaceLight
2017-02-04,2999,13635,16634,ChannelSmartTv
2017-02-04,625,438,1063,abactionchinaandroid_1d7ba513
2017-02-04,5206,9217,14423,AngryBirdsSpaceFull
2017-02-04,244,786,1030,Birdkeeper
2017-02-04,5199,550,5749,rovio_3bb4586d
2017-02-04,776,2073,2849,toonstvmade4samsung_6d2a0fc4
2017-02-04,2049,6247,8296,BadPiggiesFull
2017-02-04,538,3752,4290,ChannelRoku
2017-02-04,6873,30941,37814,Toonstv
2017-02-04,183,953,1136,purpleamazonfire_74641a18
2017-02-04,313,1402,1715,AngryBirdsStarWarsLight
2017-02-04,82,264,346,toonstvappletv_7c3cb333
2017-02-04,2407,4744,7151,Yellow
2017-02-04,122,1020,1142,BadPiggiesLight
2017-02-04,41,45,86,tntgame_149fb4d3
2017-02-04,242,208,450,angrybirdsfortumo_7bf816e1
2017-02-25,6651,31397,38048,Toonstv
2017-02-25,1747,7349,9096,Crimson
2017-02-25,122,299,421,PurpleChina
2017-02-25,857,2864,3721,AngryBirdsSeasonsFull
2017-02-25,2717,14263,16980,ChannelSmartTv
2017-02-25,1124,7486,8610,AngryBirdsClassicLight
2017-02-25,904,2577,3481,Gold
2017-02-25,5768,8611,14379,Abba
2017-02-25,4385,13796,18181,AngryBirdsRioFull
2017-02-25,4816,300,5116,ChannelWeb
2017-02-25,435,1181,1616,AngryBirdsClassicTalkweb
2017-02-25,2542,6368,8910,AngryBirdsStarWarsFull
2017-02-25,33,44,77,tntgame_149fb4d3
2017-02-25,162,1189,1351,Purple
2017-02-25,334,912,1246,Birdkeeper
2017-02-25,4809,1166,5975,rovio_3bb4586d
2017-02-25,107,725,832,AngryBirdsSpaceLight
2017-02-25,3,1,4,abbafortumo_6df226f7
2017-02-25,5196,14609,19805,AngryBirdsClassic
2017-02-25,64,281,345,toonstvappletv_7c3cb333
2017-02-25,520,3727,4247,ChannelRoku
2017-02-25,161,4,165,spilgamesweb_4015b0ee
2017-02-25,1855,6224,8079,BadPiggiesFull
2017-02-25,2180,566,2746,toonstvkidoz_c161558
2017-02-25,123,147,270,angrybirdsfortumo_7bf816e1
2017-02-25,211,510,721,popcorn_7901fbf5
2017-02-25,10,104,114,ChannelAngryBirdsRoost
2017-02-25,2043,6120,8163,AngryBirdsSpaceFull
2017-02-25,118,809,927,purpleamazonfire_74641a18
2017-02-25,325,1382,1707,AngryBirdsStarWarsLight
2017-02-25,1370,4285,5655,AngryBirdsFriends
2017-02-25,1698,5761,7459,BlueSteel
2017-02-25,1,3,4,abbakunluniosgpchina_1fffd0c2
2017-02-25,2213,4998,7211,Yellow
2017-02-25,489,325,814,abactionchinaandroid_1d7ba513
2017-02-25,733,1969,2702,toonstvmade4samsung_6d2a0fc4
2017-02-25,291,137,428,abactionchina_49cba9cb
2017-02-25,141,1050,1191,badpiggiesodyssey_38481962
2017-02-25,94,1002,1096,BadPiggiesLight
2017-01-15,6518,14496,21014,AngryBirdsRioFull
2017-01-15,1735,4850,6585,BlueSteel
2017-01-15,7138,16417,23555,AngryBirdsClassic
2017-01-15,925,3019,3944,AngryBirdsSeasonsFull
2017-01-15,24,28,52,tntgame_149fb4d3
2017-01-15,1506,3323,4829,Gold
2017-01-15,3176,12221,15397,ChannelSmartTv
2017-01-15,5033,162,5195,rovio_3bb4586d
2017-01-15,20,101,121,ChannelAngryBirdsRoost
2017-01-15,249,673,922,Birdkeeper
2017-01-15,2867,6500,9367,AngryBirdsStarWarsFull
2017-01-15,2020,5959,7979,BadPiggiesFull
2017-01-15,2490,4648,7138,Yellow
2017-01-15,6315,8023,14338,Abba
2017-01-15,106,873,979,BadPiggiesLight
2017-01-15,350,1396,1746,AngryBirdsStarWarsLight
2017-01-15,145,369,514,PurpleChina
2017-01-15,1531,432,1963,toonstvkidoz_c161558
2017-01-15,4,1,5,abbafortumo_6df226f7
2017-01-15,71,88,159,abactionchina_49cba9cb
2017-01-15,226,1272,1498,Purple
2017-01-15,80,273,353,toonstvappletv_7c3cb333
2017-01-15,754,1780,2534,toonstvmade4samsung_6d2a0fc4
2017-01-15,1579,4475,6054,AngryBirdsFriends
2017-01-15,6069,328,6397,ChannelWeb
2017-01-15,241,495,736,popcorn_7901fbf5
2017-01-15,3245,9247,12492,Crimson
2017-01-15,220,838,1058,purpleamazonfire_74641a18
2017-01-15,98,678,776,AngryBirdsSpaceLight
2017-01-15,352,258,610,angrybirdsfortumo_7bf816e1
2017-01-15,4328,7091,11419,AngryBirdsSpaceFull
2017-01-15,1125,7477,8602,AngryBirdsClassicLight
2017-01-15,569,343,912,abactionchinaandroid_1d7ba513
2017-01-15,179,1037,1216,badpiggiesodyssey_38481962
2017-01-15,513,1170,1683,AngryBirdsClassicTalkweb
2017-01-15,7744,29345,37089,Toonstv
2017-01-15,2,3,5,abbakunluniosgpchina_1fffd0c2
2017-01-15,524,3381,3905,ChannelRoku
2017-01-06,358,264,622,abactionchinaandroid_1d7ba513
2017-01-06,3155,118,3273,rovio_3bb4586d
2017-01-06,175,638,813,purpleamazonfire_74641a18
2017-01-06,306,980,1286,AngryBirdsClassicTalkweb
2017-01-06,171,648,819,Birdkeeper
2017-01-06,892,6491,7383,AngryBirdsClassicLight
2017-01-06,4938,333,5271,ChannelWeb
2017-01-06,6406,13956,20362,AngryBirdsClassic
2017-01-06,1331,3584,4915,AngryBirdsFriends
2017-01-06,106,310,416,PurpleChina
2017-01-06,1217,2642,3859,Gold
2017-01-06,3522,11382,14904,ChannelSmartTv
2017-01-06,79,219,298,toonstvappletv_7c3cb333
2017-01-06,6541,26210,32751,Toonstv
2017-01-06,1376,3859,5235,BlueSteel
2017-01-06,1834,5081,6915,BadPiggiesFull
2017-01-06,221,400,621,popcorn_7901fbf5
2017-01-06,4314,6290,10604,Abba
2017-01-06,1861,3615,5476,Yellow
2017-01-06,2751,5186,7937,AngryBirdsStarWarsFull
2017-01-06,50,73,123,abactionchina_49cba9cb
2017-01-06,3721,5853,9574,AngryBirdsSpaceFull
2017-01-06,1,8,9,abbakunluniosgpchina_1fffd0c2
2017-01-06,2450,6973,9423,Crimson
2017-01-06,770,2534,3304,AngryBirdsSeasonsFull
2017-01-06,202,1059,1261,Purple
2017-01-06,605,1393,1998,toonstvmade4samsung_6d2a0fc4
2017-01-06,5729,12290,18019,AngryBirdsRioFull
2017-01-06,30,33,63,tntgame_149fb4d3
2017-01-06,339,1190,1529,AngryBirdsStarWarsLight
2017-01-06,131,773,904,badpiggiesodyssey_38481962
2017-01-06,78,584,662,AngryBirdsSpaceLight
2017-01-06,315,219,534,angrybirdsfortumo_7bf816e1
2017-01-06,993,191,1184,toonstvkidoz_c161558
2017-01-06,16,90,106,ChannelAngryBirdsRoost
2017-01-06,80,788,868,BadPiggiesLight
2017-01-06,365,2584,2949,ChannelRoku
2017-01-13,2250,4836,7086,AngryBirdsStarWarsFull
2017-01-13,548,343,891,abactionchinaandroid_1d7ba513
2017-01-13,5452,12989,18441,AngryBirdsClassic
2017-01-13,1472,4506,5978,BadPiggiesFull
2017-01-13,11,15,26,tntgame_149fb4d3
2017-01-13,126,619,745,purpleamazonfire_74641a18
2017-01-13,2186,6545,8731,Crimson
2017-01-13,251,1068,1319,AngryBirdsStarWarsLight
2017-01-13,3746,132,3878,rovio_3bb4586d
2017-01-13,1109,2536,3645,Gold
2017-01-13,4600,323,4923,ChannelWeb
2017-01-13,46,83,129,abactionchina_49cba9cb
2017-01-13,1200,3520,4720,AngryBirdsFriends
2017-01-13,15,87,102,ChannelAngryBirdsRoost
2017-01-13,1646,3309,4955,Yellow
2017-01-13,1187,3663,4850,BlueSteel
2017-01-13,54,216,270,toonstvappletv_7c3cb333
2017-01-13,568,1521,2089,toonstvmade4samsung_6d2a0fc4
2017-01-13,774,2253,3027,AngryBirdsSeasonsFull
2017-01-13,6329,24723,31052,Toonstv
2017-01-13,2665,11256,13921,ChannelSmartTv
2017-01-13,271,239,510,angrybirdsfortumo_7bf816e1
2017-01-13,163,423,586,popcorn_7901fbf5
2017-01-13,4205,5916,10121,Abba
2017-01-13,130,747,877,badpiggiesodyssey_38481962
2017-01-13,3405,5603,9008,AngryBirdsSpaceFull
2017-01-13,168,977,1145,Purple
2017-01-13,161,362,523,PurpleChina
2017-01-13,103,544,647,AngryBirdsSpaceLight
2017-01-13,440,1076,1516,AngryBirdsClassicTalkweb
2017-01-13,327,2470,2797,ChannelRoku
2017-01-13,990,313,1303,toonstvkidoz_c161558
2017-01-13,202,576,778,Birdkeeper
2017-01-13,,1,1,silver_3ddc7ced
2017-01-13,806,5869,6675,AngryBirdsClassicLight
2017-01-13,76,662,738,BadPiggiesLight
2017-01-13,5035,11266,16301,AngryBirdsRioFull
2017-01-13,,5,5,abbakunluniosgpchina_1fffd0c2
2017-02-21,23,38,61,abactionchina_49cba9cb
2017-02-21,44,189,233,toonstvappletv_7c3cb333
2017-02-21,1253,3164,4417,Yellow
2017-02-21,1081,5270,6351,Crimson
2017-02-21,987,3118,4105,AngryBirdsFriends
2017-02-21,3338,910,4248,rovio_3bb4586d
2017-02-21,3475,242,3717,ChannelWeb
2017-02-21,136,358,494,popcorn_7901fbf5
2017-02-21,1694,10798,12492,ChannelSmartTv
2017-02-21,2705,6024,8729,AngryBirdsSpaceFull
2017-02-21,533,280,813,toonstvkidoz_c161558
2017-02-21,60,619,679,BadPiggiesLight
2017-02-21,75,206,281,PurpleChina
2017-02-21,190,605,795,Birdkeeper
2017-02-21,512,2027,2539,AngryBirdsSeasonsFull
2017-02-21,86,698,784,purpleamazonfire_74641a18
2017-02-21,1487,4222,5709,AngryBirdsStarWarsFull
2017-02-21,112,788,900,Purple
2017-02-21,159,885,1044,AngryBirdsStarWarsLight
2017-02-21,3123,10097,13220,AngryBirdsClassic
2017-02-21,1169,4284,5453,BadPiggiesFull
2017-02-21,23,25,48,tntgame_149fb4d3
2017-02-21,579,5302,5881,AngryBirdsClassicLight
2017-02-21,129,166,295,angrybirdsfortumo_7bf816e1
2017-02-21,426,1607,2033,toonstvmade4samsung_6d2a0fc4
2017-02-21,2894,10216,13110,AngryBirdsRioFull
2017-02-21,728,1949,2677,Gold
2017-02-21,4713,24195,28908,Toonstv
2017-02-21,66,851,917,badpiggiesodyssey_38481962
2017-02-21,69,462,531,AngryBirdsSpaceLight
2017-02-21,6,63,69,ChannelAngryBirdsRoost
2017-02-21,4358,6243,10601,Abba
2017-02-21,230,212,442,abactionchinaandroid_1d7ba513
2017-02-21,235,920,1155,AngryBirdsClassicTalkweb
2017-02-21,1,2,3,abbakunluniosgpchina_1fffd0c2
2017-02-21,348,2619,2967,ChannelRoku
2017-02-21,875,3578,4453,BlueSteel
2017-02-21,1,2,3,spilgames_64ada0f8
2017-02-01,,9,9,abbakunluniosgpchina_1fffd0c2
2017-02-01,1343,4317,5660,BadPiggiesFull
2017-02-01,2186,10954,13140,ChannelSmartTv
2017-02-01,296,2578,2874,ChannelRoku
2017-02-01,4008,5942,9950,Abba
2017-02-01,13,20,33,tntgame_149fb4d3
2017-02-01,4944,23764,28708,Toonstv
2017-02-01,1304,3628,4932,AngryBirdsFriends
2017-02-01,28,188,216,toonstvappletv_7c3cb333
2017-02-01,4612,11133,15745,AngryBirdsRioFull
2017-02-01,48,667,715,BadPiggiesLight
2017-02-01,4076,11511,15587,AngryBirdsClassic
2017-02-01,149,375,524,popcorn_7901fbf5
2017-02-01,4609,338,4947,ChannelWeb
2017-02-01,177,1004,1181,AngryBirdsStarWarsLight
2017-02-01,832,2224,3056,Gold
2017-02-01,4142,7147,11289,AngryBirdsSpaceFull
2017-02-01,166,853,1019,Purple
2017-02-01,1923,4803,6726,AngryBirdsStarWarsFull
2017-02-01,3931,162,4093,rovio_3bb4586d
2017-02-01,1342,3071,4413,Yellow
2017-02-01,95,659,754,purpleamazonfire_74641a18
2017-02-01,226,192,418,angrybirdsfortumo_7bf816e1
2017-02-01,841,630,1471,toonstvkidoz_c161558
2017-02-01,643,5460,6103,AngryBirdsClassicLight
2017-02-01,598,1234,1832,AngryBirdsClassicTalkweb
2017-02-01,187,455,642,PurpleChina
2017-02-01,77,780,857,badpiggiesodyssey_38481962
2017-02-01,1158,3492,4650,BlueSteel
2017-02-01,22,73,95,ChannelAngryBirdsRoost
2017-02-01,975,2229,3204,AngryBirdsSeasonsFull
2017-02-01,1828,6530,8358,Crimson
2017-02-01,815,453,1268,abactionchinaandroid_1d7ba513
2017-02-01,476,1538,2014,toonstvmade4samsung_6d2a0fc4
2017-02-01,201,590,791,Birdkeeper
2017-02-01,84,103,187,abactionchina_49cba9cb
2017-02-01,60,531,591,AngryBirdsSpaceLight
2017-01-21,85,298,383,toonstvappletv_7c3cb333
2017-01-21,75,72,147,abactionchina_49cba9cb
2017-01-21,309,245,554,angrybirdsfortumo_7bf816e1
2017-01-21,1625,3493,5118,Gold
2017-01-21,1697,4680,6377,AngryBirdsFriends
2017-01-21,246,524,770,popcorn_7901fbf5
2017-01-21,3110,13865,16975,ChannelSmartTv
2017-01-21,2,9,11,abbakunluniosgpchina_1fffd0c2
2017-01-21,1284,7877,9161,AngryBirdsClassicLight
2017-01-21,6039,394,6433,ChannelWeb
2017-01-21,243,1236,1479,Purple
2017-01-21,1008,3094,4102,AngryBirdsSeasonsFull
2017-01-21,482,1252,1734,AngryBirdsClassicTalkweb
2017-01-21,2122,6408,8530,BadPiggiesFull
2017-01-21,2800,5090,7890,Yellow
2017-01-21,4418,155,4573,rovio_3bb4586d
2017-01-21,17,39,56,tntgame_149fb4d3
2017-01-21,3015,6634,9649,AngryBirdsStarWarsFull
2017-01-21,12924,10252,23176,AngryBirdsSpaceFull
2017-01-21,7449,31371,38820,Toonstv
2017-01-21,3560,9679,13239,Crimson
2017-01-21,197,1146,1343,badpiggiesodyssey_38481962
2017-01-21,147,360,507,PurpleChina
2017-01-21,24,107,131,ChannelAngryBirdsRoost
2017-01-21,7271,16925,24196,AngryBirdsClassic
2017-01-21,558,3827,4385,ChannelRoku
2017-01-21,112,750,862,AngryBirdsSpaceLight
2017-01-21,939,620,1559,toonstvkidoz_c161558
2017-01-21,118,1062,1180,BadPiggiesLight
2017-01-21,241,755,996,Birdkeeper
2017-01-21,1846,5324,7170,BlueSteel
2017-01-21,404,1506,1910,AngryBirdsStarWarsLight
2017-01-21,,1,1,toonsclientsdk_3f59016a
2017-01-21,6774,15406,22180,AngryBirdsRioFull
2017-01-21,762,1953,2715,toonstvmade4samsung_6d2a0fc4
2017-01-21,505,347,852,abactionchinaandroid_1d7ba513
2017-01-21,7097,8572,15669,Abba
2017-01-21,224,853,1077,purpleamazonfire_74641a18
2017-01-02,2182,4106,6288,Yellow
2017-01-02,5003,323,5326,ChannelWeb
2017-01-02,705,1543,2248,toonstvmade4samsung_6d2a0fc4
2017-01-02,7103,26775,33878,Toonstv
2017-01-02,3886,6593,10479,AngryBirdsSpaceFull
2017-01-02,42,105,147,abactionchina_49cba9cb
2017-01-02,62,44,106,tntgame_149fb4d3
2017-01-02,914,6821,7735,AngryBirdsClassicLight
2017-01-02,1570,3838,5408,AngryBirdsFriends
2017-01-02,1911,5422,7333,BadPiggiesFull
2017-01-02,83,290,373,PurpleChina
2017-01-02,708,127,835,toonstvkidoz_c161558
2017-01-02,505,3011,3516,ChannelRoku
2017-01-02,420,1456,1876,AngryBirdsStarWarsLight
2017-01-02,818,2924,3742,AngryBirdsSeasonsFull
2017-01-02,1950,4493,6443,BlueSteel
2017-01-02,197,1203,1400,Purple
2017-01-02,383,292,675,abactionchinaandroid_1d7ba513
2017-01-02,224,745,969,purpleamazonfire_74641a18
2017-01-02,315,255,570,angrybirdsfortumo_7bf816e1
2017-01-02,2934,7899,10833,Crimson
2017-01-02,3745,10636,14381,ChannelSmartTv
2017-01-02,111,928,1039,BadPiggiesLight
2017-01-02,6559,13355,19914,AngryBirdsRioFull
2017-01-02,6621,15483,22104,AngryBirdsClassic
2017-01-02,5414,7225,12639,Abba
2017-01-02,311,990,1301,AngryBirdsClassicTalkweb
2017-01-02,19,90,109,ChannelAngryBirdsRoost
2017-01-02,2757,6017,8774,AngryBirdsStarWarsFull
2017-01-02,1564,2823,4387,Gold
2017-01-02,233,726,959,Birdkeeper
2017-01-02,211,926,1137,badpiggiesodyssey_38481962
2017-01-02,211,453,664,popcorn_7901fbf5
2017-01-02,3806,88,3894,rovio_3bb4586d
2017-01-02,54,212,266,toonstvappletv_7c3cb333
2017-01-02,88,657,745,AngryBirdsSpaceLight
2017-01-02,,5,5,abbakunluniosgpchina_1fffd0c2
2017-01-26,197,561,758,Birdkeeper
2017-01-26,5302,412,5714,ChannelWeb
2017-01-26,223,208,431,angrybirdsfortumo_7bf816e1
2017-01-26,1231,3252,4483,AngryBirdsFriends
2017-01-26,13,73,86,ChannelAngryBirdsRoost
2017-01-26,851,636,1487,toonstvkidoz_c161558
2017-01-26,1002,2194,3196,Gold
2017-01-26,4800,11429,16229,AngryBirdsRioFull
2017-01-26,12,23,35,tntgame_149fb4d3
2017-01-26,110,644,754,purpleamazonfire_74641a18
2017-01-26,168,428,596,PurpleChina
2017-01-26,193,365,558,popcorn_7901fbf5
2017-01-26,42,200,242,toonstvappletv_7c3cb333
2017-01-26,2368,11532,13900,ChannelSmartTv
2017-01-26,513,1561,2074,toonstvmade4samsung_6d2a0fc4
2017-01-26,4352,6158,10510,Abba
2017-01-26,68,492,560,AngryBirdsSpaceLight
2017-01-26,8085,8804,16889,AngryBirdsSpaceFull
2017-01-26,5591,24972,30563,Toonstv
2017-01-26,54,621,675,BadPiggiesLight
2017-01-26,2027,4818,6845,AngryBirdsStarWarsFull
2017-01-26,1375,4238,5613,BlueSteel
2017-01-26,1578,3157,4735,Yellow
2017-01-26,92,769,861,badpiggiesodyssey_38481962
2017-01-26,,1,1,toonsclientsdk_3f59016a
2017-01-26,1457,4339,5796,BadPiggiesFull
2017-01-26,679,5473,6152,AngryBirdsClassicLight
2017-01-26,2986,138,3124,rovio_3bb4586d
2017-01-26,146,923,1069,Purple
2017-01-26,914,2263,3177,AngryBirdsSeasonsFull
2017-01-26,2069,6539,8608,Crimson
2017-01-26,274,2505,2779,ChannelRoku
2017-01-26,555,1311,1866,AngryBirdsClassicTalkweb
2017-01-26,740,390,1130,abactionchinaandroid_1d7ba513
2017-01-26,1,6,7,abbakunluniosgpchina_1fffd0c2
2017-01-26,4775,12613,17388,AngryBirdsClassic
2017-01-26,234,1027,1261,AngryBirdsStarWarsLight
2017-01-26,99,100,199,abactionchina_49cba9cb
2017-02-23,1284,3235,4519,Yellow
2017-02-23,9,61,70,ChannelAngryBirdsRoost
2017-02-23,199,179,378,abactionchinaandroid_1d7ba513
2017-02-23,1099,3860,4959,BlueSteel
2017-02-23,219,811,1030,AngryBirdsClassicTalkweb
2017-02-23,1669,5029,6698,AngryBirdsSpaceFull
2017-02-23,63,603,666,BadPiggiesLight
2017-02-23,1523,4373,5896,AngryBirdsStarWarsFull
2017-02-23,81,628,709,purpleamazonfire_74641a18
2017-02-23,155,614,769,Birdkeeper
2017-02-23,978,3124,4102,AngryBirdsFriends
2017-02-23,120,2,122,spilgamesweb_4015b0ee
2017-02-23,306,2569,2875,ChannelRoku
2017-02-23,3355,974,4329,rovio_3bb4586d
2017-02-23,167,948,1115,AngryBirdsStarWarsLight
2017-02-23,3294,10542,13836,AngryBirdsClassic
2017-02-23,425,1636,2061,toonstvmade4samsung_6d2a0fc4
2017-02-23,2909,10258,13167,AngryBirdsRioFull
2017-02-23,141,369,510,popcorn_7901fbf5
2017-02-23,20,19,39,tntgame_149fb4d3
2017-02-23,63,186,249,PurpleChina
2017-02-23,4366,6290,10656,Abba
2017-02-23,1231,268,1499,toonstvkidoz_c161558
2017-02-23,1870,10954,12824,ChannelSmartTv
2017-02-23,1241,4361,5602,BadPiggiesFull
2017-02-23,502,1986,2488,AngryBirdsSeasonsFull
2017-02-23,58,777,835,badpiggiesodyssey_38481962
2017-02-23,3562,266,3828,ChannelWeb
2017-02-23,721,2016,2737,Gold
2017-02-23,1074,5205,6279,Crimson
2017-02-23,588,5239,5827,AngryBirdsClassicLight
2017-02-23,161,56,217,abactionchina_49cba9cb
2017-02-23,126,826,952,Purple
2017-02-23,,2,2,abbakunluniosgpchina_1fffd0c2
2017-02-23,33,192,225,toonstvappletv_7c3cb333
2017-02-23,4866,25175,30041,Toonstv
2017-02-23,146,189,335,angrybirdsfortumo_7bf816e1
2017-02-23,,1,1,toonsclientsdk_3f59016a
2017-02-23,66,468,534,AngryBirdsSpaceLight
2017-01-17,3079,5338,8417,AngryBirdsSpaceFull
2017-01-17,82,477,559,AngryBirdsSpaceLight
2017-01-17,4168,175,4343,rovio_3bb4586d
2017-01-17,255,224,479,angrybirdsfortumo_7bf816e1
2017-01-17,2,4,6,abbakunluniosgpchina_1fffd0c2
2017-01-17,136,388,524,PurpleChina
2017-01-17,842,2202,3044,AngryBirdsSeasonsFull
2017-01-17,1116,3315,4431,BlueSteel
2017-01-17,499,1122,1621,AngryBirdsClassicTalkweb
2017-01-17,53,605,658,BadPiggiesLight
2017-01-17,2052,4614,6666,AngryBirdsStarWarsFull
2017-01-17,4653,386,5039,ChannelWeb
2017-01-17,5736,23494,29230,Toonstv
2017-01-17,531,336,867,abactionchinaandroid_1d7ba513
2017-01-17,,1,1,abbafortumo_6df226f7
2017-01-17,1597,3200,4797,Yellow
2017-01-17,1107,654,1761,toonstvkidoz_c161558
2017-01-17,137,818,955,Purple
2017-01-17,664,5332,5996,AngryBirdsClassicLight
2017-01-17,1031,2304,3335,Gold
2017-01-17,5227,12390,17617,AngryBirdsClassic
2017-01-17,1112,3249,4361,AngryBirdsFriends
2017-01-17,209,600,809,Birdkeeper
2017-01-17,2085,6533,8618,Crimson
2017-01-17,4443,5927,10370,Abba
2017-01-17,2283,10749,13032,ChannelSmartTv
2017-01-17,74,87,161,abactionchina_49cba9cb
2017-01-17,4823,10874,15697,AngryBirdsRioFull
2017-01-17,1310,4514,5824,BadPiggiesFull
2017-01-17,11,21,32,tntgame_149fb4d3
2017-01-17,98,705,803,badpiggiesodyssey_38481962
2017-01-17,13,70,83,ChannelAngryBirdsRoost
2017-01-17,291,2544,2835,ChannelRoku
2017-01-17,507,1559,2066,toonstvmade4samsung_6d2a0fc4
2017-01-17,131,605,736,purpleamazonfire_74641a18
2017-01-17,153,330,483,popcorn_7901fbf5
2017-01-17,38,185,223,toonstvappletv_7c3cb333
2017-01-17,202,1020,1222,AngryBirdsStarWarsLight
2017-01-07,4006,12004,16010,ChannelSmartTv
2017-01-07,2370,4451,6821,Yellow
2017-01-07,3136,8611,11747,Crimson
2017-01-07,1162,7510,8672,AngryBirdsClassicLight
2017-01-07,1484,3284,4768,Gold
2017-01-07,111,685,796,AngryBirdsSpaceLight
2017-01-07,26,36,62,tntgame_149fb4d3
2017-01-07,2181,5983,8164,BadPiggiesFull
2017-01-07,154,358,512,PurpleChina
2017-01-07,3884,120,4004,rovio_3bb4586d
2017-01-07,5026,305,5331,ChannelWeb
2017-01-07,4307,7164,11471,AngryBirdsSpaceFull
2017-01-07,1323,261,1584,toonstvkidoz_c161558
2017-01-07,179,1290,1469,Purple
2017-01-07,1,10,11,abbakunluniosgpchina_1fffd0c2
2017-01-07,82,227,309,toonstvappletv_7c3cb333
2017-01-07,417,1220,1637,AngryBirdsClassicTalkweb
2017-01-07,97,942,1039,BadPiggiesLight
2017-01-07,232,803,1035,purpleamazonfire_74641a18
2017-01-07,426,1507,1933,AngryBirdsStarWarsLight
2017-01-07,5391,7609,13000,Abba
2017-01-07,7411,16433,23844,AngryBirdsClassic
2017-01-07,235,495,730,popcorn_7901fbf5
2017-01-07,481,3163,3644,ChannelRoku
2017-01-07,6829,14567,21396,AngryBirdsRioFull
2017-01-07,3054,6252,9306,AngryBirdsStarWarsFull
2017-01-07,1807,4651,6458,BlueSteel
2017-01-07,4142,1774,5916,toonstvmade4samsung_6d2a0fc4
2017-01-07,891,3048,3939,AngryBirdsSeasonsFull
2017-01-07,223,789,1012,Birdkeeper
2017-01-07,54,88,142,abactionchina_49cba9cb
2017-01-07,7064,28652,35716,Toonstv
2017-01-07,209,1041,1250,badpiggiesodyssey_38481962
2017-01-07,512,330,842,abactionchinaandroid_1d7ba513
2017-01-07,1679,4497,6176,AngryBirdsFriends
2017-01-07,21,87,108,ChannelAngryBirdsRoost
2017-01-07,374,291,665,angrybirdsfortumo_7bf816e1
2017-01-27,5802,427,6229,ChannelWeb
2017-01-27,5092,13633,18725,AngryBirdsClassic
2017-01-27,1590,4923,6513,BadPiggiesFull
2017-01-27,1066,2508,3574,AngryBirdsSeasonsFull
2017-01-27,72,841,913,BadPiggiesLight
2017-01-27,4559,6774,11333,Abba
2017-01-27,483,1652,2135,toonstvmade4samsung_6d2a0fc4
2017-01-27,5204,12485,17689,AngryBirdsRioFull
2017-01-27,954,475,1429,abactionchinaandroid_1d7ba513
2017-01-27,1282,3630,4912,AngryBirdsFriends
2017-01-27,1439,4231,5670,BlueSteel
2017-01-27,217,479,696,PurpleChina
2017-01-27,18,88,106,ChannelAngryBirdsRoost
2017-01-27,98,778,876,badpiggiesodyssey_38481962
2017-01-27,216,619,835,Birdkeeper
2017-01-27,2387,7424,9811,Crimson
2017-01-27,,1,1,toonstvsocialmobile_3c7ae0d6
2017-01-27,222,184,406,angrybirdsfortumo_7bf816e1
2017-01-27,309,2706,3015,ChannelRoku
2017-01-27,7611,9236,16847,AngryBirdsSpaceFull
2017-01-27,21,25,46,tntgame_149fb4d3
2017-01-27,2357,12171,14528,ChannelSmartTv
2017-01-27,185,399,584,popcorn_7901fbf5
2017-01-27,1823,3662,5485,Yellow
2017-01-27,3309,136,3445,rovio_3bb4586d
2017-01-27,2292,5429,7721,AngryBirdsStarWarsFull
2017-01-27,109,147,256,abactionchina_49cba9cb
2017-01-27,92,659,751,AngryBirdsSpaceLight
2017-01-27,1115,2644,3759,Gold
2017-01-27,3,15,18,abbakunluniosgpchina_1fffd0c2
2017-01-27,178,1056,1234,Purple
2017-01-27,663,1365,2028,AngryBirdsClassicTalkweb
2017-01-27,128,685,813,purpleamazonfire_74641a18
2017-01-27,6395,27534,33929,Toonstv
2017-01-27,45,198,243,toonstvappletv_7c3cb333
2017-01-27,257,1075,1332,AngryBirdsStarWarsLight
2017-01-27,645,531,1176,toonstvkidoz_c161558
2017-01-27,841,6185,7026,AngryBirdsClassicLight
2017-01-24,693,5445,6138,AngryBirdsClassicLight
2017-01-24,874,2232,3106,AngryBirdsSeasonsFull
2017-01-24,952,663,1615,toonstvkidoz_c161558
2017-01-24,4762,11441,16203,AngryBirdsRioFull
2017-01-24,2039,6768,8807,Crimson
2017-01-24,940,2277,3217,Gold
2017-01-24,152,390,542,PurpleChina
2017-01-24,39,206,245,toonstvappletv_7c3cb333
2017-01-24,8971,8555,17526,AngryBirdsSpaceFull
2017-01-24,1101,3371,4472,AngryBirdsFriends
2017-01-24,156,364,520,popcorn_7901fbf5
2017-01-24,184,530,714,Birdkeeper
2017-01-24,11,16,27,tntgame_149fb4d3
2017-01-24,5189,404,5593,ChannelWeb
2017-01-24,8,78,86,ChannelAngryBirdsRoost
2017-01-24,153,832,985,Purple
2017-01-24,5360,24696,30056,Toonstv
2017-01-24,315,2586,2901,ChannelRoku
2017-01-24,1981,4697,6678,AngryBirdsStarWarsFull
2017-01-24,3003,135,3138,rovio_3bb4586d
2017-01-24,1371,4503,5874,BadPiggiesFull
2017-01-24,,11,11,abbakunluniosgpchina_1fffd0c2
2017-01-24,67,503,570,AngryBirdsSpaceLight
2017-01-24,1605,3271,4876,Yellow
2017-01-24,,1,1,silver_3ddc7ced
2017-01-24,2205,11256,13461,ChannelSmartTv
2017-01-24,650,345,995,abactionchinaandroid_1d7ba513
2017-01-24,224,196,420,angrybirdsfortumo_7bf816e1
2017-01-24,1122,3671,4793,BlueSteel
2017-01-24,,2,2,toonsclientsdk_3f59016a
2017-01-24,553,1303,1856,AngryBirdsClassicTalkweb
2017-01-24,476,1597,2073,toonstvmade4samsung_6d2a0fc4
2017-01-24,255,1007,1262,AngryBirdsStarWarsLight
2017-01-24,4946,12419,17365,AngryBirdsClassic
2017-01-24,83,76,159,abactionchina_49cba9cb
2017-01-24,4563,6009,10572,Abba
2017-01-24,104,660,764,purpleamazonfire_74641a18
2017-01-24,56,575,631,BadPiggiesLight
2017-01-24,101,804,905,badpiggiesodyssey_38481962
2017-01-29,5611,375,5986,ChannelWeb
2017-01-29,14,36,50,tntgame_149fb4d3
2017-01-29,5947,15882,21829,AngryBirdsClassic
2017-01-29,6823,9709,16532,AngryBirdsSpaceFull
2017-01-29,237,1276,1513,Purple
2017-01-29,6324,14816,21140,AngryBirdsRioFull
2017-01-29,109,675,784,AngryBirdsSpaceLight
2017-01-29,271,226,497,angrybirdsfortumo_7bf816e1
2017-01-29,206,424,630,PurpleChina
2017-01-29,1591,4400,5991,AngryBirdsFriends
2017-01-29,2789,12294,15083,ChannelSmartTv
2017-01-29,4157,159,4316,rovio_3bb4586d
2017-01-29,1258,3139,4397,Gold
2017-01-29,361,1402,1763,AngryBirdsStarWarsLight
2017-01-29,197,545,742,popcorn_7901fbf5
2017-01-29,2096,6192,8288,BadPiggiesFull
2017-01-29,144,1081,1225,badpiggiesodyssey_38481962
2017-01-29,76,290,366,toonstvappletv_7c3cb333
2017-01-29,746,1962,2708,toonstvmade4samsung_6d2a0fc4
2017-01-29,2843,6394,9237,AngryBirdsStarWarsFull
2017-01-29,6778,29748,36526,Toonstv
2017-01-29,107,103,210,abactionchina_49cba9cb
2017-01-29,6011,8496,14507,Abba
2017-01-29,1258,3085,4343,AngryBirdsSeasonsFull
2017-01-29,1197,458,1655,abactionchinaandroid_1d7ba513
2017-01-29,217,720,937,Birdkeeper
2017-01-29,924,629,1553,toonstvkidoz_c161558
2017-01-29,1,6,7,abbakunluniosgpchina_1fffd0c2
2017-01-29,3118,9118,12236,Crimson
2017-01-29,2328,4807,7135,Yellow
2017-01-29,664,1212,1876,AngryBirdsClassicTalkweb
2017-01-29,1643,5187,6830,BlueSteel
2017-01-29,1013,7413,8426,AngryBirdsClassicLight
2017-01-29,471,3578,4049,ChannelRoku
2017-01-29,156,904,1060,purpleamazonfire_74641a18
2017-01-29,12,115,127,ChannelAngryBirdsRoost
2017-01-29,105,988,1093,BadPiggiesLight
2017-02-17,1889,4981,6870,AngryBirdsStarWarsFull
2017-02-17,16,81,97,ChannelAngryBirdsRoost
2017-02-17,3832,945,4777,rovio_3bb4586d
2017-02-17,159,647,806,Birdkeeper
2017-02-17,71,747,818,BadPiggiesLight
2017-02-17,139,917,1056,Purple
2017-02-17,67,515,582,AngryBirdsSpaceLight
2017-02-17,4028,11741,15769,AngryBirdsClassic
2017-02-17,217,1067,1284,AngryBirdsStarWarsLight
2017-02-17,5667,28208,33875,Toonstv
2017-02-17,175,408,583,popcorn_7901fbf5
2017-02-17,3334,6910,10244,AngryBirdsSpaceFull
2017-02-17,52,245,297,toonstvappletv_7c3cb333
2017-02-17,281,912,1193,AngryBirdsClassicTalkweb
2017-02-17,734,5924,6658,AngryBirdsClassicLight
2017-02-17,1970,11723,13693,ChannelSmartTv
2017-02-17,1320,3949,5269,AngryBirdsFriends
2017-02-17,3824,11804,15628,AngryBirdsRioFull
2017-02-17,294,269,563,abactionchinaandroid_1d7ba513
2017-02-17,4401,284,4685,ChannelWeb
2017-02-17,1,6,7,abbakunluniosgpchina_1fffd0c2
2017-02-17,1347,4949,6296,BadPiggiesFull
2017-02-17,3,10,13,spilgames_64ada0f8
2017-02-17,167,192,359,angrybirdsfortumo_7bf816e1
2017-02-17,1245,4421,5666,BlueSteel
2017-02-17,870,2181,3051,Gold
2017-02-17,6198,7502,13700,Abba
2017-02-17,538,252,790,toonstvkidoz_c161558
2017-02-17,1604,3842,5446,Yellow
2017-02-17,29,32,61,tntgame_149fb4d3
2017-02-17,331,2807,3138,ChannelRoku
2017-02-17,89,277,366,PurpleChina
2017-02-17,25,48,73,abactionchina_49cba9cb
2017-02-17,90,759,849,purpleamazonfire_74641a18
2017-02-17,1911,7252,9163,Crimson
2017-02-17,470,1756,2226,toonstvmade4samsung_6d2a0fc4
2017-02-17,96,880,976,badpiggiesodyssey_38481962
2017-02-17,1,1,2,abbafortumo_6df226f7
2017-02-17,742,2376,3118,AngryBirdsSeasonsFull
2017-02-07,4840,23673,28513,Toonstv
2017-02-07,3129,6395,9524,AngryBirdsSpaceFull
2017-02-07,1343,3128,4471,Yellow
2017-02-07,1791,6811,8602,Crimson
2017-02-07,1935,4793,6728,AngryBirdsStarWarsFull
2017-02-07,718,467,1185,abactionchinaandroid_1d7ba513
2017-02-07,33,195,228,toonstvappletv_7c3cb333
2017-02-07,4646,356,5002,ChannelWeb
2017-02-07,4290,11354,15644,AngryBirdsRioFull
2017-02-07,18,21,39,tntgame_149fb4d3
2017-02-07,829,2070,2899,Gold
2017-02-07,1264,4443,5707,BadPiggiesFull
2017-02-07,2002,10680,12682,ChannelSmartTv
2017-02-07,980,2327,3307,AngryBirdsSeasonsFull
2017-02-07,203,937,1140,AngryBirdsStarWarsLight
2017-02-07,55,97,152,abactionchina_49cba9cb
2017-02-07,191,599,790,Birdkeeper
2017-02-07,4024,713,4737,rovio_3bb4586d
2017-02-07,130,688,818,purpleamazonfire_74641a18
2017-02-07,623,5371,5994,AngryBirdsClassicLight
2017-02-07,1,2,3,abbafortumo_6df226f7
2017-02-07,1068,3539,4607,AngryBirdsFriends
2017-02-07,146,374,520,popcorn_7901fbf5
2017-02-07,634,1385,2019,AngryBirdsClassicTalkweb
2017-02-07,469,1696,2165,toonstvmade4samsung_6d2a0fc4
2017-02-07,58,616,674,BadPiggiesLight
2017-02-07,66,479,545,AngryBirdsSpaceLight
2017-02-07,8,74,82,ChannelAngryBirdsRoost
2017-02-07,3883,11720,15603,AngryBirdsClassic
2017-02-07,3937,5882,9819,Abba
2017-02-07,94,826,920,badpiggiesodyssey_38481962
2017-02-07,211,444,655,PurpleChina
2017-02-07,1494,4172,5666,BlueSteel
2017-02-07,989,758,1747,toonstvkidoz_c161558
2017-02-07,2,8,10,abbakunluniosgpchina_1fffd0c2
2017-02-07,151,888,1039,Purple
2017-02-07,158,167,325,angrybirdsfortumo_7bf816e1
2017-02-07,337,2668,3005,ChannelRoku
2017-01-08,7320,16512,23832,AngryBirdsClassic
2017-01-08,5492,341,5833,ChannelWeb
2017-01-08,2391,4597,6988,Yellow
2017-01-08,1767,4784,6551,BlueSteel
2017-01-08,1439,3174,4613,Gold
2017-01-08,116,371,487,PurpleChina
2017-01-08,,1,1,abbafortumo_6df226f7
2017-01-08,60,88,148,abactionchina_49cba9cb
2017-01-08,6628,14386,21014,AngryBirdsRioFull
2017-01-08,97,673,770,AngryBirdsSpaceLight
2017-01-08,216,766,982,Birdkeeper
2017-01-08,2085,6026,8111,BadPiggiesFull
2017-01-08,4040,7094,11134,AngryBirdsSpaceFull
2017-01-08,78,273,351,toonstvappletv_7c3cb333
2017-01-08,111,938,1049,BadPiggiesLight
2017-01-08,981,3136,4117,AngryBirdsSeasonsFull
2017-01-08,3794,11618,15412,ChannelSmartTv
2017-01-08,3309,9131,12440,Crimson
2017-01-08,185,972,1157,badpiggiesodyssey_38481962
2017-01-08,459,1191,1650,AngryBirdsClassicTalkweb
2017-01-08,1297,286,1583,toonstvkidoz_c161558
2017-01-08,219,495,714,popcorn_7901fbf5
2017-01-08,3951,107,4058,rovio_3bb4586d
2017-01-08,2886,6376,9262,AngryBirdsStarWarsFull
2017-01-08,407,290,697,angrybirdsfortumo_7bf816e1
2017-01-08,26,33,59,tntgame_149fb4d3
2017-01-08,15,102,117,ChannelAngryBirdsRoost
2017-01-08,402,1493,1895,AngryBirdsStarWarsLight
2017-01-08,202,1248,1450,Purple
2017-01-08,530,3171,3701,ChannelRoku
2017-01-08,486,311,797,abactionchinaandroid_1d7ba513
2017-01-08,5697,7629,13326,Abba
2017-01-08,1417,1949,3366,toonstvmade4samsung_6d2a0fc4
2017-01-08,216,772,988,purpleamazonfire_74641a18
2017-01-08,1101,7592,8693,AngryBirdsClassicLight
2017-01-08,6956,27922,34878,Toonstv
2017-01-08,1555,4503,6058,AngryBirdsFriends
2017-01-08,3,5,8,abbakunluniosgpchina_1fffd0c2
2017-02-02,137,847,984,Purple
2017-02-02,858,646,1504,toonstvkidoz_c161558
2017-02-02,183,614,797,Birdkeeper
2017-02-02,64,517,581,AngryBirdsSpaceLight
2017-02-02,4557,11072,15629,AngryBirdsRioFull
2017-02-02,805,2097,2902,Gold
2017-02-02,504,1646,2150,toonstvmade4samsung_6d2a0fc4
2017-02-02,139,368,507,popcorn_7901fbf5
2017-02-02,1111,3682,4793,BlueSteel
2017-02-02,1822,4623,6445,AngryBirdsStarWarsFull
2017-02-02,4534,23638,28172,Toonstv
2017-02-02,1859,6479,8338,Crimson
2017-02-02,943,2255,3198,AngryBirdsSeasonsFull
2017-02-02,9,22,31,tntgame_149fb4d3
2017-02-02,114,680,794,purpleamazonfire_74641a18
2017-02-02,1374,3027,4401,Yellow
2017-02-02,66,621,687,BadPiggiesLight
2017-02-02,42,170,212,toonstvappletv_7c3cb333
2017-02-02,4049,6930,10979,AngryBirdsSpaceFull
2017-02-02,4518,336,4854,ChannelWeb
2017-02-02,278,2529,2807,ChannelRoku
2017-02-02,90,766,856,badpiggiesodyssey_38481962
2017-02-02,3848,6007,9855,Abba
2017-02-02,3977,11408,15385,AngryBirdsClassic
2017-02-02,681,5344,6025,AngryBirdsClassicLight
2017-02-02,2058,10912,12970,ChannelSmartTv
2017-02-02,1210,3601,4811,AngryBirdsFriends
2017-02-02,7,10,17,abbakunluniosgpchina_1fffd0c2
2017-02-02,203,182,385,angrybirdsfortumo_7bf816e1
2017-02-02,624,1260,1884,AngryBirdsClassicTalkweb
2017-02-02,10,86,96,ChannelAngryBirdsRoost
2017-02-02,184,453,637,PurpleChina
2017-02-02,4124,285,4409,rovio_3bb4586d
2017-02-02,1464,4312,5776,BadPiggiesFull
2017-02-02,158,940,1098,AngryBirdsStarWarsLight
2017-02-02,798,456,1254,abactionchinaandroid_1d7ba513
2017-02-02,87,97,184,abactionchina_49cba9cb
